{
	"format_version": "1.21.6",
	"credit": "Made with Blockbench",
	"texture_size": [32, 32],
	"textures": {
		"0": "item/cutter_board",
		"particle": "item/cutter_board"
	},
	"elements": [
		{
			"from": [2, 0, 2],
			"to": [13, 1, 16],
			"rotation": {"angle": 0, "axis": "y", "origin": [7.5, 0.5, 7.75]},
			"faces": {
				"north": {"uv": [0, 7.5, 5.5, 8], "texture": "#0"},
				"east": {"uv": [0, 7, 7, 7.5], "texture": "#0"},
				"south": {"uv": [5.5, 7.5, 11, 8], "texture": "#0"},
				"west": {"uv": [7, 7, 14, 7.5], "texture": "#0"},
				"up": {"uv": [5.5, 7, 0, 0], "texture": "#0"},
				"down": {"uv": [5.5, 0, 0, 7], "texture": "#0"}
			}
		},
		{
			"from": [2, 0, 0],
			"to": [13, 1, 1],
			"rotation": {"angle": 0, "axis": "y", "origin": [7.5, 0.5, 7.75]},
			"faces": {
				"north": {"uv": [0, 8, 5.5, 8.5], "texture": "#0"},
				"east": {"uv": [6, 9.5, 6.5, 10], "texture": "#0"},
				"south": {"uv": [5.5, 8, 11, 8.5], "texture": "#0"},
				"west": {"uv": [6.5, 9.5, 7, 10], "texture": "#0"},
				"up": {"uv": [5.5, 9, 0, 8.5], "texture": "#0"},
				"down": {"uv": [5.5, 8.5, 0, 9], "texture": "#0"}
			}
		},
		{
			"from": [2, 0, 1],
			"to": [6, 1, 2],
			"rotation": {"angle": 0, "axis": "y", "origin": [7.5, 0.5, 7.75]},
			"faces": {
				"north": {"uv": [0, 9, 2, 9.5], "texture": "#0"},
				"east": {"uv": [7, 9.5, 7.5, 10], "texture": "#0"},
				"south": {"uv": [2, 9, 4, 9.5], "texture": "#0"},
				"west": {"uv": [7.5, 9.5, 8, 10], "texture": "#0"},
				"up": {"uv": [6, 9.5, 4, 9], "texture": "#0"},
				"down": {"uv": [8, 9, 6, 9.5], "texture": "#0"}
			}
		},
		{
			"from": [9, 0, 1],
			"to": [13, 1, 2],
			"rotation": {"angle": 0, "axis": "y", "origin": [7.5, 0.5, 7.75]},
			"faces": {
				"north": {"uv": [8, 9, 10, 9.5], "texture": "#0"},
				"east": {"uv": [8, 9.5, 8.5, 10], "texture": "#0"},
				"south": {"uv": [0, 9.5, 2, 10], "texture": "#0"},
				"west": {"uv": [8.5, 9.5, 9, 10], "texture": "#0"},
				"up": {"uv": [4, 10, 2, 9.5], "texture": "#0"},
				"down": {"uv": [6, 9.5, 4, 10], "texture": "#0"}
			}
		},
		{
			"from": [4, 1, 10],
			"to": [11, 5, 13],
			"rotation": {"angle": 0, "axis": "y", "origin": [6, 1, 3]},
			"faces": {
				"north": {"uv": [1.5, 12.5, 5, 14.5], "texture": "#0"},
				"east": {"uv": [0, 10.5, 1.5, 12.5], "texture": "#0"},
				"south": {"uv": [10, 10.5, 13.5, 12.5], "texture": "#0"},
				"west": {"uv": [3.5, 10.5, 5, 12.5], "texture": "#0"},
				"up": {"uv": [5, 14, 8.5, 15.5], "texture": "#0"},
				"down": {"uv": [0, 0, 0.5, 0.5], "texture": "#0"}
			}
		}
	],
	"display": {
		"thirdperson_righthand": {
			"rotation": [105.34, 2.69, 90.23],
			"translation": [-3.25, -1, 1.75],
			"scale": [0.5, 0.5, 0.5]
		},
		"thirdperson_lefthand": {
			"rotation": [105.34, 2.69, 90.23],
			"translation": [-3.25, -1, 1.75],
			"scale": [0.5, 0.5, 0.5]
		},
		"firstperson_righthand": {
			"rotation": [70.22, -0.34, -97.21],
			"translation": [1.75, 4.75, 1.75],
			"scale": [0.5, 0.5, 0.5]
		},
		"firstperson_lefthand": {
			"rotation": [70.22, -0.34, -97.21],
			"translation": [1.75, 4.75, 1.75],
			"scale": [0.5, 0.5, 0.5]
		},
		"ground": {
			"translation": [0, 3.25, 0],
			"scale": [0.6, 0.6, 0.6]
		},
		"gui": {
			"rotation": [44.52, 45.64, -9.39],
			"translation": [1, 4.75, 0],
			"scale": [0.75, 0.75, 0.75]
		},
		"fixed": {
			"rotation": [90, 0, -180],
			"translation": [0, 0, -14.25],
			"scale": [1.75, 1.75, 1.75]
		}
	},
	"groups": [
		{
			"name": "group",
			"origin": [11, 0, 0],
			"color": 0,
			"children": [0, 1, 2, 3, 4]
		}
	]
}