{
	"credit": "Made with Blockbench",
	"texture_size": [64, 64],
	"textures": {
		"0": "item/book_column",
		"particle": "item/book_column"
	},
	"elements": [
		{
			"from": [0, 0.2, 2.5],
			"to": [3, 10.2, 11.5],
			"rotation": {"angle": -22.5, "axis": "z", "origin": [1.5, 5.2, 7]},
			"faces": {
				"north": {"uv": [5, 5, 5.75, 7.5], "texture": "#0"},
				"east": {"uv": [2.25, 2.5, 4.5, 5], "texture": "#0"},
				"south": {"uv": [5, 5, 5.75, 7.5], "texture": "#0"},
				"west": {"uv": [2.25, 2.5, 4.5, 5], "texture": "#0"},
				"up": {"uv": [4, 8, 3.25, 5.75], "rotation": 180, "texture": "#0"},
				"down": {"uv": [4.75, 5.75, 4, 8], "rotation": 180, "texture": "#0"}
			}
		},
		{
			"from": [3.5, 0, 2.5],
			"to": [13.5, 3, 11.5],
			"rotation": {"angle": 0, "axis": "y", "origin": [8.5, 1.5, 7]},
			"faces": {
				"north": {"uv": [5, 5, 5.75, 7.5], "rotation": 270, "texture": "#0"},
				"east": {"uv": [4, 8, 3.25, 5.75], "rotation": 90, "texture": "#0"},
				"south": {"uv": [5, 5, 5.75, 7.5], "rotation": 90, "texture": "#0"},
				"west": {"uv": [4.75, 5.75, 4, 8], "rotation": 90, "texture": "#0"},
				"up": {"uv": [2.25, 2.5, 4.5, 5], "rotation": 90, "texture": "#0"},
				"down": {"uv": [2.25, 2.5, 4.5, 5], "rotation": 90, "texture": "#0"}
			}
		},
		{
			"from": [4.5, 3, 1.5],
			"to": [14.5, 6, 10.5],
			"rotation": {"angle": -22.5, "axis": "y", "origin": [9.5, 4.5, 6]},
			"faces": {
				"north": {"uv": [5, 5, 5.75, 7.5], "rotation": 270, "texture": "#0"},
				"east": {"uv": [4, 8, 3.25, 5.75], "rotation": 90, "texture": "#0"},
				"south": {"uv": [5, 5, 5.75, 7.5], "rotation": 90, "texture": "#0"},
				"west": {"uv": [4.75, 5.75, 4, 8], "rotation": 90, "texture": "#0"},
				"up": {"uv": [2.25, 2.5, 4.5, 5], "rotation": 90, "texture": "#0"},
				"down": {"uv": [2.25, 2.5, 4.5, 5], "rotation": 90, "texture": "#0"}
			}
		}
	],
	"gui_light": "front",
	"display": {
		"thirdperson_righthand": {
			"rotation": [84, 0, 0],
			"translation": [0.75, 0, 1.75],
			"scale": [0.5, 0.5, 0.5]
		},
		"firstperson_righthand": {
			"translation": [0.5, 5.75, 1],
			"scale": [0.5, 0.5, 0.5]
		},
		"firstperson_lefthand": {
			"rotation": [0, 180, 0],
			"translation": [-0.5, 4.75, 0],
			"scale": [0.5, 0.5, 0.5]
		},
		"ground": {
			"translation": [0, 2.25, 0],
			"scale": [0.5, 0.5, 0.5]
		},
		"gui": {
			"rotation": [37, 33, 0],
			"translation": [1.5, 2.25, 0],
			"scale": [0.75, 0.75, 0.75]
		},
		"fixed": {
			"rotation": [-90, 0, 0],
			"translation": [1.75, 0, -15.75],
			"scale": [2, 2, 2]
		}
	},
	"groups": [
		{
			"name": "group",
			"origin": [8.5, 4.5, 7],
			"color": 0,
			"children": [0, 1, 2]
		}
	]
}