{
	"format_version": "1.21.6",
	"credit": "Made with Blockbench",
	"texture_size": [32, 32],
	"textures": {
		"1": "item/candle_flame",
		"2": "item/candlestick",
		"particle": "item/candlestick"
	},
	"elements": [
		{
			"from": [10, 4, 8],
			"to": [14, 5, 9],
			"rotation": {"angle": -45, "axis": "y", "origin": [9, 6.5, 7.5]},
			"faces": {
				"north": {"uv": [5, 8, 7, 8.5], "texture": "#2"},
				"east": {"uv": [7, 5.5, 7.5, 6], "texture": "#2"},
				"south": {"uv": [8.5, 4, 10.5, 4.5], "texture": "#2"},
				"west": {"uv": [7, 6, 7.5, 6.5], "texture": "#2"},
				"up": {"uv": [10.5, 5, 8.5, 4.5], "texture": "#2"},
				"down": {"uv": [7, 8.5, 5, 9], "texture": "#2"}
			}
		},
		{
			"from": [9.12132, 5, 9.03553],
			"to": [13.12132, 6, 13.03553],
			"rotation": {"angle": 0, "axis": "y", "origin": [11.12132, 6.75, 11.03553]},
			"faces": {
				"north": {"uv": [8.5, 5, 10.5, 5.5], "texture": "#2"},
				"east": {"uv": [7, 8.5, 9, 9], "texture": "#2"},
				"south": {"uv": [0, 9, 2, 9.5], "texture": "#2"},
				"west": {"uv": [9, 0, 11, 0.5], "texture": "#2"},
				"up": {"uv": [6, 2, 4, 0], "texture": "#2"},
				"down": {"uv": [6, 2, 4, 4], "texture": "#2"}
			}
		},
		{
			"from": [10.12132, 6, 10.03553],
			"to": [12.12132, 10, 12.03553],
			"rotation": {"angle": 0, "axis": "y", "origin": [11.12132, 6.75, 11.03553]},
			"faces": {
				"north": {"uv": [9, 0, 8, 2], "texture": "#2"},
				"east": {"uv": [8, 0, 9, 2], "texture": "#2"},
				"south": {"uv": [9, 0, 8, 2], "texture": "#2"},
				"west": {"uv": [8, 0, 9, 2], "texture": "#2"},
				"up": {"uv": [4, 9.5, 3, 8.5], "texture": "#2"},
				"down": {"uv": [10, 0.5, 9, 1.5], "texture": "#2"}
			}
		},
		{
			"from": [11.12132, 10, 10.53553],
			"to": [11.12132, 11, 11.53553],
			"rotation": {"angle": -45, "axis": "y", "origin": [11.12132, 10.5, 11.03553]},
			"faces": {
				"north": {"uv": [0, 0, 0, 0.5], "texture": "#2"},
				"east": {"uv": [7, 8, 7.5, 8.5], "texture": "#2"},
				"south": {"uv": [0, 0, 0, 0.5], "texture": "#2"},
				"west": {"uv": [2, 10, 2.5, 10.5], "texture": "#2"},
				"up": {"uv": [0, 0.5, 0, 0], "texture": "#2"},
				"down": {"uv": [0, 0, 0, 0.5], "texture": "#2"}
			}
		},
		{
			"from": [11.12132, 10, 10.53553],
			"to": [11.12132, 11, 11.53553],
			"rotation": {"angle": 45, "axis": "y", "origin": [11.12132, 10.5, 11.03553]},
			"faces": {
				"north": {"uv": [0, 0, 0, 0.5], "texture": "#2"},
				"east": {"uv": [2.5, 10, 3, 10.5], "texture": "#2"},
				"south": {"uv": [0, 0, 0, 0.5], "texture": "#2"},
				"west": {"uv": [10, 7.5, 10.5, 8], "texture": "#2"},
				"up": {"uv": [0, 0.5, 0, 0], "texture": "#2"},
				"down": {"uv": [0, 0, 0, 0.5], "texture": "#2"}
			}
		},
		{
			"from": [8.02132, 19, 7.6],
			"to": [8.02132, 20, 8.6],
			"rotation": {"angle": -45, "axis": "y", "origin": [8.12132, 19.5, 8.03553]},
			"faces": {
				"north": {"uv": [0, 0, 0, 0.5], "texture": "#2"},
				"east": {"uv": [10, 8, 10.5, 8.5], "texture": "#2"},
				"south": {"uv": [0, 0, 0, 0.5], "texture": "#2"},
				"west": {"uv": [8.5, 10, 9, 10.5], "texture": "#2"},
				"up": {"uv": [0, 0.5, 0, 0], "texture": "#2"},
				"down": {"uv": [0, 0, 0, 0.5], "texture": "#2"}
			}
		},
		{
			"from": [7.7, 19, 7.64264],
			"to": [7.7, 20, 8.64264],
			"rotation": {"angle": 45, "axis": "y", "origin": [7.65685, 19.5, 7.74264]},
			"faces": {
				"north": {"uv": [0, 0, 0, 0.5], "texture": "#2"},
				"east": {"uv": [10, 8.5, 10.5, 9], "texture": "#2"},
				"south": {"uv": [0, 0, 0, 0.5], "texture": "#2"},
				"west": {"uv": [9, 10, 9.5, 10.5], "texture": "#2"},
				"up": {"uv": [0, 0.5, 0, 0], "texture": "#2"},
				"down": {"uv": [0, 0, 0, 0.5], "texture": "#2"}
			}
		},
		{
			"from": [7, 0, 7],
			"to": [9, 13, 9],
			"rotation": {"angle": 0, "axis": "y", "origin": [7, 0, 7]},
			"faces": {
				"north": {"uv": [2, 0, 1, 6.5], "texture": "#2"},
				"east": {"uv": [1, 0, 2, 6.5], "texture": "#2"},
				"south": {"uv": [2, 0, 1, 6.5], "texture": "#2"},
				"west": {"uv": [1, 0, 2, 6.5], "texture": "#2"},
				"up": {"uv": [10, 2.5, 9, 1.5], "texture": "#2"},
				"down": {"uv": [3, 9, 2, 10], "texture": "#2"}
			}
		},
		{
			"from": [7, 14, 7],
			"to": [9, 19, 9],
			"rotation": {"angle": 0, "axis": "y", "origin": [7, 0, 7]},
			"faces": {
				"north": {"uv": [1, 6.5, 0, 9], "texture": "#2"},
				"east": {"uv": [0, 6.5, 1, 9], "texture": "#2"},
				"south": {"uv": [1, 6.5, 0, 9], "texture": "#2"},
				"west": {"uv": [0, 6.5, 1, 9], "texture": "#2"},
				"up": {"uv": [10, 8, 9, 7], "texture": "#2"},
				"down": {"uv": [10, 8, 9, 9], "texture": "#2"}
			}
		},
		{
			"from": [6, 13, 6],
			"to": [10, 14, 10],
			"rotation": {"angle": 0, "axis": "y", "origin": [7, 0, 7]},
			"faces": {
				"north": {"uv": [9, 5.5, 11, 6], "texture": "#2"},
				"east": {"uv": [9, 6, 11, 6.5], "texture": "#2"},
				"south": {"uv": [9, 6.5, 11, 7], "texture": "#2"},
				"west": {"uv": [7, 9, 9, 9.5], "texture": "#2"},
				"up": {"uv": [8, 4, 6, 2], "texture": "#2"},
				"down": {"uv": [6, 6, 4, 8], "texture": "#2"}
			}
		},
		{
			"from": [6.96163, 19.8, 8.07895],
			"to": [8.96163, 21.8, 8.07895],
			"rotation": {"angle": 0, "axis": "y", "origin": [5.46163, 13.5, 5.07895]},
			"faces": {
				"north": {"uv": [0, 0, 16, 16], "texture": "#1"},
				"east": {"uv": [0, 0, 0, 0.5], "texture": "#2"},
				"south": {"uv": [0.5, 0, 16, 16], "texture": "#1"},
				"west": {"uv": [0, 0, 0, 0.5], "texture": "#2"},
				"up": {"uv": [0, 0.5, 0, 0], "rotation": 270, "texture": "#2"},
				"down": {"uv": [0, 0, 0, 0.5], "rotation": 90, "texture": "#2"}
			}
		},
		{
			"from": [7.96163, 19.8, 7.07895],
			"to": [7.96163, 21.8, 9.07895],
			"rotation": {"angle": 0, "axis": "y", "origin": [5.46163, 13.5, 5.07895]},
			"faces": {
				"north": {"uv": [0, 0, 0, 0.5], "texture": "#2"},
				"east": {"uv": [0, 0, 16, 16], "texture": "#1"},
				"south": {"uv": [0, 0, 0, 0.5], "texture": "#2"},
				"west": {"uv": [0.5, 0, 16, 16], "texture": "#1"},
				"up": {"uv": [0, 0.5, 0, 0], "texture": "#2"},
				"down": {"uv": [0, 0, 0, 0.5], "texture": "#2"}
			}
		},
		{
			"from": [6, 0, 6],
			"to": [10, 1, 10],
			"rotation": {"angle": 0, "axis": "y", "origin": [7, 0, 7]},
			"faces": {
				"north": {"uv": [9, 2.5, 11, 3], "texture": "#2"},
				"east": {"uv": [9, 3, 11, 3.5], "texture": "#2"},
				"south": {"uv": [9, 3.5, 11, 4], "texture": "#2"},
				"west": {"uv": [5, 9, 7, 9.5], "texture": "#2"},
				"up": {"uv": [6, 6, 4, 4], "texture": "#2"},
				"down": {"uv": [8, 0, 6, 2], "texture": "#2"}
			}
		},
		{
			"from": [4.5, 8, 7],
			"to": [7.5, 9, 8],
			"rotation": {"angle": -45, "axis": "y", "origin": [7.5, 8.5, 7]},
			"faces": {
				"north": {"uv": [9, 9, 10.5, 9.5], "texture": "#2"},
				"east": {"uv": [9.5, 10, 10, 10.5], "texture": "#2"},
				"south": {"uv": [0, 9.5, 1.5, 10], "texture": "#2"},
				"west": {"uv": [10, 10, 10.5, 10.5], "texture": "#2"},
				"up": {"uv": [6.5, 10, 5, 9.5], "texture": "#2"},
				"down": {"uv": [8, 9.5, 6.5, 10], "texture": "#2"}
			}
		},
		{
			"from": [4.73223, 10, 4.73223],
			"to": [5.73223, 13, 5.73223],
			"rotation": {"angle": -22.5, "axis": "y", "origin": [5.73223, 9.5, 5.73223]},
			"faces": {
				"north": {"uv": [3, 9.5, 3.5, 11], "texture": "#2"},
				"east": {"uv": [3, 9.5, 3.5, 11], "texture": "#2"},
				"south": {"uv": [3, 9.5, 3.5, 11], "texture": "#2"},
				"west": {"uv": [3, 9.5, 3.5, 11], "texture": "#2"},
				"up": {"uv": [0.5, 11, 0, 10.5], "texture": "#2"},
				"down": {"uv": [1, 10.5, 0.5, 11], "texture": "#2"}
			}
		},
		{
			"from": [5.46163, 13, 4.57895],
			"to": [5.46163, 14, 5.57895],
			"rotation": {"angle": 22.5, "axis": "y", "origin": [5.46163, 13.5, 5.07895]},
			"faces": {
				"north": {"uv": [0, 0, 0, 0.5], "texture": "#2"},
				"east": {"uv": [1, 10.5, 1.5, 11], "texture": "#2"},
				"south": {"uv": [0, 0, 0, 0.5], "texture": "#2"},
				"west": {"uv": [10.5, 1, 11, 1.5], "texture": "#2"},
				"up": {"uv": [0, 0.5, 0, 0], "texture": "#2"},
				"down": {"uv": [0, 0, 0, 0.5], "texture": "#2"}
			}
		},
		{
			"from": [5.46163, 13.8, 4.07895],
			"to": [5.46163, 15.8, 6.07895],
			"rotation": {"angle": 0, "axis": "y", "origin": [5.46163, 13.5, 5.07895]},
			"faces": {
				"north": {"uv": [0, 0, 0, 0.5], "texture": "#2"},
				"east": {"uv": [0, 0, 16, 16], "texture": "#1"},
				"south": {"uv": [0, 0, 0, 0.5], "texture": "#2"},
				"west": {"uv": [0.5, 0, 16, 16], "texture": "#1"},
				"up": {"uv": [0, 0.5, 0, 0], "texture": "#2"},
				"down": {"uv": [0, 0, 0, 0.5], "texture": "#2"}
			}
		},
		{
			"from": [4.46163, 13.8, 5.07895],
			"to": [6.46163, 15.8, 5.07895],
			"rotation": {"angle": 0, "axis": "y", "origin": [5.46163, 13.5, 5.07895]},
			"faces": {
				"north": {"uv": [0, 0, 16, 16], "texture": "#1"},
				"east": {"uv": [0, 0, 0, 0.5], "texture": "#2"},
				"south": {"uv": [0.5, 0, 16, 16], "texture": "#1"},
				"west": {"uv": [0, 0, 0, 0.5], "texture": "#2"},
				"up": {"uv": [0, 0.5, 0, 0], "rotation": 270, "texture": "#2"},
				"down": {"uv": [0, 0, 0, 0.5], "rotation": 90, "texture": "#2"}
			}
		},
		{
			"from": [11.16163, 10.8, 10.07895],
			"to": [11.16163, 12.8, 12.07895],
			"rotation": {"angle": 0, "axis": "y", "origin": [5.46163, 13.5, 5.07895]},
			"faces": {
				"north": {"uv": [0, 0, 0, 0.5], "texture": "#2"},
				"east": {"uv": [0, 0, 16, 16], "texture": "#1"},
				"south": {"uv": [0, 0, 0, 0.5], "texture": "#2"},
				"west": {"uv": [0.5, 0, 16, 16], "texture": "#1"},
				"up": {"uv": [0, 0.5, 0, 0], "texture": "#2"},
				"down": {"uv": [0, 0, 0, 0.5], "texture": "#2"}
			}
		},
		{
			"from": [10.16163, 10.8, 11.07895],
			"to": [12.16163, 12.8, 11.07895],
			"rotation": {"angle": 0, "axis": "y", "origin": [5.46163, 13.5, 5.07895]},
			"faces": {
				"north": {"uv": [0, 0, 16, 16], "texture": "#1"},
				"east": {"uv": [0, 0, 0, 0.5], "texture": "#2"},
				"south": {"uv": [0.5, 0, 16, 16], "texture": "#1"},
				"west": {"uv": [0, 0, 0, 0.5], "texture": "#2"},
				"up": {"uv": [0, 0.5, 0, 0], "rotation": 270, "texture": "#2"},
				"down": {"uv": [0, 0, 0, 0.5], "rotation": 90, "texture": "#2"}
			}
		},
		{
			"from": [4.96163, 13, 5.07895],
			"to": [5.96163, 14, 5.07895],
			"rotation": {"angle": 22.5, "axis": "y", "origin": [5.46163, 13.5, 5.07895]},
			"faces": {
				"north": {"uv": [10.5, 1.5, 11, 2], "texture": "#2"},
				"east": {"uv": [0, 0, 0, 0.5], "texture": "#2"},
				"south": {"uv": [2, 10.5, 2.5, 11], "texture": "#2"},
				"west": {"uv": [0, 0, 0, 0.5], "texture": "#2"},
				"up": {"uv": [0.5, 0, 0, 0], "texture": "#2"},
				"down": {"uv": [0.5, 0, 0, 0], "texture": "#2"}
			}
		},
		{
			"from": [3.73223, 9, 3.73223],
			"to": [6.73223, 10, 6.73223],
			"rotation": {"angle": -22.5, "axis": "y", "origin": [5.73223, 9.5, 5.73223]},
			"faces": {
				"north": {"uv": [4, 10, 5.5, 10.5], "texture": "#2"},
				"east": {"uv": [5.5, 10, 7, 10.5], "texture": "#2"},
				"south": {"uv": [7, 10, 8.5, 10.5], "texture": "#2"},
				"west": {"uv": [10, 7, 11.5, 7.5], "texture": "#2"},
				"up": {"uv": [9, 7, 7.5, 5.5], "texture": "#2"},
				"down": {"uv": [9, 7, 7.5, 8.5], "texture": "#2"}
			}
		}
	],
	"display": {
		"thirdperson_righthand": {
			"translation": [0, 2.25, 0.25],
			"scale": [0.5, 0.5, 0.5]
		},
		"thirdperson_lefthand": {
			"translation": [0, 2.25, 0.75],
			"scale": [0.5, 0.5, 0.5]
		},
		"firstperson_righthand": {
			"rotation": [0, -26.25, 16.5],
			"translation": [3, 5, 0],
			"scale": [0.7, 0.7, 0.7]
		},
		"firstperson_lefthand": {
			"rotation": [0, -27, 16],
			"translation": [3, 5, 0],
			"scale": [0.7, 0.7, 0.7]
		},
		"ground": {
			"translation": [0, 3.25, 0],
			"scale": [0.5, 0.5, 0.5]
		},
		"gui": {
			"rotation": [14.14, 43.71, 0],
			"translation": [0, -1.25, 0],
			"scale": [0.8, 0.8, 0.8]
		},
		"fixed": {
			"rotation": [-90, -0.31, 0.74],
			"translation": [0, 0, -14.25],
			"scale": [1.8, 1.8, 1.8]
		}
	},
	"groups": [
		{
			"name": "group",
			"origin": [9, 2, 7],
			"color": 0,
			"children": [
				0,
				1,
				2,
				3,
				4,
				5,
				6,
				7,
				8,
				9,
				10,
				11,
				12,
				{
					"name": "group",
					"origin": [9, 2, 7],
					"color": 0,
					"children": [13, 14, 15, 16, 17, 18, 19, 20, 21]
				}
			]
		}
	]
}