{
	"credit": "Made with Blockbench",
	"texture_size": [32, 32],
	"textures": {
		"0": "item/globe",
		"particle": "item/globe"
	},
	"elements": [
		{
			"from": [3, 3, 3],
			"to": [11, 11, 11],
			"rotation": {"angle": 22.5, "axis": "x", "origin": [7, 7, 7]},
			"faces": {
				"north": {"uv": [8, 0, 4, 4], "texture": "#0"},
				"east": {"uv": [4, 0, 0, 4], "texture": "#0"},
				"south": {"uv": [4, 0, 8, 4], "texture": "#0"},
				"west": {"uv": [4, 0, 0, 4], "texture": "#0"},
				"up": {"uv": [4, 12, 0, 8], "texture": "#0"},
				"down": {"uv": [4, 12, 0, 8], "texture": "#0"}
			}
		},
		{
			"from": [2.8, 2.8, 2.8],
			"to": [11.2, 11.2, 11.2],
			"rotation": {"angle": 22.5, "axis": "x", "origin": [7, 7, 7]},
			"faces": {
				"north": {"uv": [4, 4, 0, 8], "texture": "#0"},
				"east": {"uv": [4, 4, 0, 8], "texture": "#0"},
				"south": {"uv": [4, 4, 0, 8], "texture": "#0"},
				"west": {"uv": [4, 4, 0, 8], "texture": "#0"},
				"up": {"uv": [8, 8, 4, 4], "texture": "#0"},
				"down": {"uv": [8, 8, 4, 4], "texture": "#0"}
			}
		},
		{
			"from": [6, 1, 6],
			"to": [8, 4, 8],
			"rotation": {"angle": 0, "axis": "y", "origin": [6, 0, 6]},
			"faces": {
				"north": {"uv": [7, 10.5, 8, 12], "texture": "#0"},
				"east": {"uv": [11, 9.5, 10, 8], "texture": "#0"},
				"south": {"uv": [10, 10.5, 11, 12.5], "texture": "#0"},
				"west": {"uv": [11, 4, 12, 5.5], "texture": "#0"},
				"up": {"uv": [13, 2.5, 12, 1.5], "texture": "#0"},
				"down": {"uv": [13, 2.5, 12, 3.5], "texture": "#0"}
			}
		},
		{
			"from": [5, 0, 5],
			"to": [9, 1, 9],
			"rotation": {"angle": 0, "axis": "y", "origin": [6, -3, 6]},
			"faces": {
				"north": {"uv": [12, 3.5, 14, 4], "texture": "#0"},
				"east": {"uv": [12, 4, 14, 4.5], "texture": "#0"},
				"south": {"uv": [12, 4.5, 14, 5], "texture": "#0"},
				"west": {"uv": [12, 5, 14, 5.5], "texture": "#0"},
				"up": {"uv": [11, 6, 9, 4], "texture": "#0"},
				"down": {"uv": [11, 6, 9, 8], "texture": "#0"}
			}
		},
		{
			"from": [6, 1, 13],
			"to": [8, 13, 15],
			"rotation": {"angle": 0, "axis": "y", "origin": [6, 7, 13]},
			"faces": {
				"north": {"uv": [4, 8, 5, 14], "texture": "#0"},
				"east": {"uv": [6, 8, 7, 14], "texture": "#0"},
				"south": {"uv": [5, 8, 6, 14], "texture": "#0"},
				"west": {"uv": [6, 8, 7, 14], "texture": "#0"},
				"up": {"uv": [13, 6.5, 12, 5.5], "texture": "#0"},
				"down": {"uv": [13, 6.5, 12, 7.5], "texture": "#0"}
			}
		},
		{
			"from": [6, 12, 9],
			"to": [8, 13, 13],
			"rotation": {"angle": 0, "axis": "y", "origin": [6, 7, 11]},
			"faces": {
				"north": {"uv": [12, 9.5, 13, 10], "texture": "#0"},
				"east": {"uv": [14.5, 0.5, 12.5, 1], "texture": "#0"},
				"south": {"uv": [12, 10, 13, 10.5], "texture": "#0"},
				"west": {"uv": [12.5, 0.5, 14.5, 1], "texture": "#0"},
				"up": {"uv": [8, 10, 7, 8], "texture": "#0"},
				"down": {"uv": [10, 8, 9, 10], "texture": "#0"}
			}
		},
		{
			"from": [6, 1, 8],
			"to": [8, 2, 13],
			"rotation": {"angle": 0, "axis": "y", "origin": [6, -3, 11]},
			"faces": {
				"north": {"uv": [12, 10.5, 13, 11], "texture": "#0"},
				"east": {"uv": [12, 1, 14.5, 1.5], "texture": "#0"},
				"south": {"uv": [11, 12, 12, 12.5], "texture": "#0"},
				"west": {"uv": [12, 1, 14.5, 1.5], "texture": "#0"},
				"up": {"uv": [9, 12.5, 8, 10], "texture": "#0"},
				"down": {"uv": [11, 8, 10, 10.5], "texture": "#0"}
			}
		},
		{
			"from": [6.1, 9.8, 7.1],
			"to": [7.9, 13.6, 8.9],
			"rotation": {"angle": 22.5, "axis": "x", "origin": [6, 9.7, 7]},
			"faces": {
				"north": {"uv": [12, 10, 11, 12], "texture": "#0"},
				"east": {"uv": [1, 12, 0, 14], "texture": "#0"},
				"south": {"uv": [11, 10, 12, 12], "texture": "#0"},
				"west": {"uv": [0, 12, 1, 14], "texture": "#0"},
				"up": {"uv": [13, 8.5, 12, 7.5], "texture": "#0"},
				"down": {"uv": [13, 8.5, 12, 9.5], "texture": "#0"}
			}
		}
	],
	"gui_light": "front",
	"display": {
		"thirdperson_righthand": {
			"translation": [0, 2.5, 0],
			"scale": [0.5, 0.5, 0.5]
		},
		"thirdperson_lefthand": {
			"translation": [0, 2, 0.75],
			"scale": [0.5, 0.5, 0.5]
		},
		"firstperson_righthand": {
			"rotation": [0, 29.5, 0],
			"translation": [0.25, 5.75, 0],
			"scale": [0.5, 0.5, 0.5]
		},
		"firstperson_lefthand": {
			"rotation": [0, 29.5, 0],
			"translation": [0.25, 5.75, 0],
			"scale": [0.5, 0.5, 0.5]
		},
		"ground": {
			"translation": [0, 2.75, 0],
			"scale": [0.5, 0.5, 0.5]
		},
		"gui": {
			"rotation": [22.75, 69.75, 0],
			"translation": [0, 1.5, 0]
		},
		"fixed": {
			"rotation": [-90, 0, 0],
			"translation": [1.5, -1, -19.5],
			"scale": [2.5, 2.5, 2.5]
		}
	},
	"groups": [
		{
			"name": "group",
			"origin": [8, 8, 8],
			"color": 0,
			"children": [0, 1, 2, 3, 4, 5, 6, 7]
		}
	]
}