{
	"credit": "Made with Blockbench",
	"textures": {
		"0": "item/ink",
		"particle": "item/ink"
	},
	"elements": [
		{
			"from": [6, 0, 6],
			"to": [10, 2, 10],
			"rotation": {"angle": 0, "axis": "y", "origin": [7, 0, 7]},
			"faces": {
				"north": {"uv": [8, 6, 12, 8], "texture": "#0"},
				"east": {"uv": [8, 8, 12, 10], "texture": "#0"},
				"south": {"uv": [0, 9, 4, 11], "texture": "#0"},
				"west": {"uv": [4, 9, 8, 11], "texture": "#0"},
				"up": {"uv": [4, 9, 0, 5], "texture": "#0"},
				"down": {"uv": [8, 5, 4, 9], "texture": "#0"}
			}
		},
		{
			"from": [7, 2, 7],
			"to": [9, 3, 9],
			"rotation": {"angle": 0, "axis": "y", "origin": [7, 2, 7]},
			"faces": {
				"north": {"uv": [0, 11, 2, 12], "texture": "#0"},
				"east": {"uv": [2, 11, 4, 12], "texture": "#0"},
				"south": {"uv": [4, 11, 6, 12], "texture": "#0"},
				"west": {"uv": [6, 11, 8, 12], "texture": "#0"},
				"up": {"uv": [10, 12, 8, 10], "texture": "#0"},
				"down": {"uv": [12, 10, 10, 12], "texture": "#0"}
			}
		},
		{
			"from": [6.5, 3, 7.5],
			"to": [9.5, 8, 7.5],
			"rotation": {"angle": -22.5, "axis": "x", "origin": [6.5, 3, 7.5]},
			"faces": {
				"north": {"uv": [5, 0, 8, 5], "texture": "#0"},
				"east": {"uv": [0, 0, 0, 5], "texture": "#0"},
				"south": {"uv": [5, 0, 8, 5], "texture": "#0"},
				"west": {"uv": [0, 0, 0, 5], "texture": "#0"},
				"up": {"uv": [4, 0, 0, 0], "texture": "#0"},
				"down": {"uv": [4, 0, 0, 0], "texture": "#0"}
			}
		},
		{
			"from": [6.5, 7.60522, 4.41256],
			"to": [9.5, 10.60522, 4.41256],
			"rotation": {"angle": -45, "axis": "x", "origin": [7.5, 9.00522, 5.01256]},
			"faces": {
				"north": {"uv": [9, 3, 12, 6], "texture": "#0"},
				"east": {"uv": [0, 0, 0, 3], "texture": "#0"},
				"south": {"uv": [9, 3, 12, 6], "texture": "#0"},
				"west": {"uv": [0, 0, 0, 3], "texture": "#0"},
				"up": {"uv": [4, 0, 0, 0], "texture": "#0"},
				"down": {"uv": [4, 0, 0, 0], "texture": "#0"}
			}
		}
	],
	"display": {
		"thirdperson_righthand": {
			"translation": [0, 5.5, 0]
		},
		"thirdperson_lefthand": {
			"translation": [0, 6, 0]
		},
		"firstperson_righthand": {
			"translation": [0, 8.5, 0.25]
		},
		"firstperson_lefthand": {
			"translation": [0, 8.25, 0.25]
		},
		"ground": {
			"translation": [0, 6, 0],
			"scale": [1.2, 1.2, 1.2]
		},
		"gui": {
			"rotation": [32, -71.75, 0],
			"translation": [0, 3.75, 0],
			"scale": [1.4, 1.4, 1.4]
		},
		"fixed": {
			"rotation": [-90, 0, 0],
			"translation": [0, 5.75, -23.75],
			"scale": [3, 3, 3]
		}
	}
}