{
	"credit": "Made with Blockbench",
	"texture_size": [64, 64],
	"textures": {
		"0": "item/paint_bucket",
		"particle": "item/paint_bucket"
	},
	"elements": [
		{
			"from": [4, 0, 4],
			"to": [5, 8, 12],
			"rotation": {"angle": 0, "axis": "y", "origin": [3, 0, 3]},
			"faces": {
				"north": {"uv": [6.25, 4, 6.5, 6], "texture": "#0"},
				"east": {"uv": [0, 5, 2, 7], "texture": "#0"},
				"south": {"uv": [4.5, 4, 4.75, 6], "texture": "#0"},
				"west": {"uv": [6.5, 4, 4.5, 6], "texture": "#0"},
				"up": {"uv": [3.25, 9, 3, 7], "texture": "#0"},
				"down": {"uv": [3.5, 7, 3.25, 9], "texture": "#0"}
			}
		},
		{
			"from": [11, 0, 4],
			"to": [12, 8, 12],
			"rotation": {"angle": 0, "axis": "y", "origin": [9, 0, 3]},
			"faces": {
				"north": {"uv": [6.5, 7.25, 6.75, 9.25], "texture": "#0"},
				"east": {"uv": [4.5, 4, 6.5, 6], "texture": "#0"},
				"south": {"uv": [6.25, 4, 6.5, 6], "texture": "#0"},
				"west": {"uv": [0, 5, 2, 7], "texture": "#0"},
				"up": {"uv": [7.25, 9.25, 7, 7.25], "texture": "#0"},
				"down": {"uv": [7.5, 7.25, 7.25, 9.25], "texture": "#0"}
			}
		},
		{
			"from": [5, 0, 11],
			"to": [11, 8, 12],
			"rotation": {"angle": 0, "axis": "y", "origin": [7, 0, 3]},
			"faces": {
				"north": {"uv": [0.25, 5, 1.75, 7], "texture": "#0"},
				"east": {"uv": [7.5, 7.25, 7.75, 9.25], "texture": "#0"},
				"south": {"uv": [4.75, 4, 6.25, 6], "texture": "#0"},
				"west": {"uv": [0, 7.75, 0.25, 9.75], "texture": "#0"},
				"up": {"uv": [2.25, 8, 0.75, 7.75], "texture": "#0"},
				"down": {"uv": [9.25, 7.25, 7.75, 7.5], "texture": "#0"}
			}
		},
		{
			"from": [5, 0, 4],
			"to": [11, 8, 5],
			"rotation": {"angle": 0, "axis": "y", "origin": [7, 0, -3]},
			"faces": {
				"north": {"uv": [6.25, 4, 4.75, 6], "texture": "#0"},
				"east": {"uv": [0.25, 7.75, 0.5, 9.75], "texture": "#0"},
				"south": {"uv": [0.25, 5, 1.75, 7], "texture": "#0"},
				"west": {"uv": [0.5, 7.75, 0.75, 9.75], "texture": "#0"},
				"up": {"uv": [9.25, 7.75, 7.75, 7.5], "texture": "#0"},
				"down": {"uv": [9.25, 7.75, 7.75, 8], "texture": "#0"}
			}
		},
		{
			"from": [5, 0, 5],
			"to": [11, 1, 11],
			"rotation": {"angle": 0, "axis": "y", "origin": [7, 0, -1]},
			"faces": {
				"north": {"uv": [8, 0, 9.5, 0.25], "texture": "#0"},
				"east": {"uv": [8, 0.25, 9.5, 0.5], "texture": "#0"},
				"south": {"uv": [8, 0.5, 9.5, 0.75], "texture": "#0"},
				"west": {"uv": [0.75, 8, 2.25, 8.25], "texture": "#0"},
				"up": {"uv": [8, 3.5, 6.5, 2], "texture": "#0"},
				"down": {"uv": [8, 3.5, 6.5, 5], "texture": "#0"}
			}
		},
		{
			"from": [6.18087, 3.47762, 3],
			"to": [14.18087, 3.47762, 13],
			"rotation": {"angle": -45, "axis": "z", "origin": [10.18087, 3.47762, 8]},
			"faces": {
				"north": {"uv": [0, 0, 2, 0], "texture": "#0"},
				"east": {"uv": [0, 0, 2.5, 0], "texture": "#0"},
				"south": {"uv": [0, 0, 2, 0], "texture": "#0"},
				"west": {"uv": [0, 0, 2.5, 0], "texture": "#0"},
				"up": {"uv": [4.5, 2.5, 2.5, 0], "texture": "#0"},
				"down": {"uv": [4.5, 0, 2.5, 2.5], "texture": "#0"}
			}
		},
		{
			"from": [3.5, 6.1, 3.5],
			"to": [12.5, 8.1, 12.5],
			"rotation": {"angle": 0, "axis": "y", "origin": [3, 6.6, 3]},
			"faces": {
				"north": {"uv": [6.5, 6.75, 9, 7.25], "texture": "#0"},
				"east": {"uv": [6.5, 6.75, 9, 7.25], "texture": "#0"},
				"south": {"uv": [6.5, 6.75, 9, 7.25], "texture": "#0"},
				"west": {"uv": [6.5, 6.75, 9, 7.25], "texture": "#0"},
				"up": {"uv": [2.5, 2.5, 0, 0], "texture": "#0"},
				"down": {"uv": [2.5, 2.5, 0, 5], "texture": "#0"}
			}
		}
	],
	"gui_light": "front",
	"display": {
		"gui": {
			"rotation": [34.08, 42.01, 0.38],
			"translation": [0, 3.25, 0],
			"scale": [1.15, 1.15, 1.15]
		},
		"fixed": {
			"rotation": [-90, 0, 0],
			"translation": [0, 0, -20],
			"scale": [2.5, 2.5, 2.5]
		}
	},
	"groups": [
		{
			"name": "group",
			"origin": [8, 8, 8],
			"color": 0,
			"children": [0, 1, 2, 3, 4, 5, 6]
		}
	]
}