{
	"credit": "Made with Blockbench",
	"texture_size": [32, 32],
	"textures": {
		"1": "item/paper_column",
		"particle": "item/paper_column"
	},
	"elements": [
		{
			"from": [5, 2, 1],
			"to": [14, 2, 5],
			"rotation": {"angle": -22.5, "axis": "y", "origin": [9.5, 2, 4.75]},
			"faces": {
				"north": {"uv": [0, 0, 4.5, 0], "texture": "#1"},
				"east": {"uv": [0, 0, 2, 0], "texture": "#1"},
				"south": {"uv": [0, 0, 4.5, 0], "texture": "#1"},
				"west": {"uv": [0, 0, 2, 0], "texture": "#1"},
				"up": {"uv": [4.5, 2, 0, 0], "texture": "#1"},
				"down": {"uv": [4.5, 4, 0, 2], "texture": "#1"}
			}
		},
		{
			"from": [5, 2, 5],
			"to": [14, 2, 9],
			"rotation": {"angle": -22.5, "axis": "y", "origin": [9.5, 2, 4.75]},
			"faces": {
				"north": {"uv": [0, 0, 4.5, 0], "texture": "#1"},
				"east": {"uv": [0, 0, 2, 0], "texture": "#1"},
				"south": {"uv": [0, 0, 4.5, 0], "texture": "#1"},
				"west": {"uv": [0, 0, 2, 0], "texture": "#1"},
				"up": {"uv": [4.5, 6, 0, 4], "texture": "#1"},
				"down": {"uv": [9, 0, 4.5, 2], "texture": "#1"}
			}
		},
		{
			"from": [5, 2, 9],
			"to": [14, 2, 10],
			"rotation": {"angle": -22.5, "axis": "y", "origin": [9.5, 2, 4.75]},
			"faces": {
				"north": {"uv": [0, 0, 4.5, 0], "texture": "#1"},
				"east": {"uv": [0, 0, 2, 0], "texture": "#1"},
				"south": {"uv": [0, 0, 4.5, 0], "texture": "#1"},
				"west": {"uv": [0, 0, 2, 0], "texture": "#1"},
				"up": {"uv": [13.5, 5, 9, 5.5], "texture": "#1"},
				"down": {"uv": [9, 0, 4.5, 2], "texture": "#1"}
			}
		},
		{
			"from": [5, 2, -1],
			"to": [14, 2, 1],
			"rotation": {"angle": -22.5, "axis": "y", "origin": [9.5, 2, 4.75]},
			"faces": {
				"north": {"uv": [0, 0, 4.5, 0], "texture": "#1"},
				"east": {"uv": [0, 0, 2, 0], "texture": "#1"},
				"south": {"uv": [0, 0, 4.5, 0], "texture": "#1"},
				"west": {"uv": [0, 0, 2, 0], "texture": "#1"},
				"up": {"uv": [13.5, 5.5, 9, 4.5], "texture": "#1"},
				"down": {"uv": [9, 0, 4.5, 2], "texture": "#1"}
			}
		},
		{
			"from": [2, 4, 4],
			"to": [11, 4, 8],
			"rotation": {"angle": 22.5, "axis": "y", "origin": [6.5, 4, 7.75]},
			"faces": {
				"north": {"uv": [0, 0, 4.5, 0], "texture": "#1"},
				"east": {"uv": [0, 0, 2, 0], "texture": "#1"},
				"south": {"uv": [0, 0, 4.5, 0], "texture": "#1"},
				"west": {"uv": [0, 0, 2, 0], "texture": "#1"},
				"up": {"uv": [4.5, 2, 0, 0], "texture": "#1"},
				"down": {"uv": [4.5, 4, 0, 2], "texture": "#1"}
			}
		},
		{
			"from": [2, 4, 8],
			"to": [11, 4, 12],
			"rotation": {"angle": 22.5, "axis": "y", "origin": [6.5, 4, 7.75]},
			"faces": {
				"north": {"uv": [0, 0, 4.5, 0], "texture": "#1"},
				"east": {"uv": [0, 0, 2, 0], "texture": "#1"},
				"south": {"uv": [0, 0, 4.5, 0], "texture": "#1"},
				"west": {"uv": [0, 0, 2, 0], "texture": "#1"},
				"up": {"uv": [4.5, 6, 0, 4], "texture": "#1"},
				"down": {"uv": [9, 0, 4.5, 2], "texture": "#1"}
			}
		},
		{
			"from": [2, 4, 12],
			"to": [11, 4, 13],
			"rotation": {"angle": 22.5, "axis": "y", "origin": [6.5, 4, 7.75]},
			"faces": {
				"north": {"uv": [0, 0, 4.5, 0], "texture": "#1"},
				"east": {"uv": [0, 0, 2, 0], "texture": "#1"},
				"south": {"uv": [0, 0, 4.5, 0], "texture": "#1"},
				"west": {"uv": [0, 0, 2, 0], "texture": "#1"},
				"up": {"uv": [13.5, 5, 9, 5.5], "texture": "#1"},
				"down": {"uv": [9, 0, 4.5, 2], "texture": "#1"}
			}
		},
		{
			"from": [2, 4, 2],
			"to": [11, 4, 4],
			"rotation": {"angle": 22.5, "axis": "y", "origin": [6.5, 4, 7.75]},
			"faces": {
				"north": {"uv": [0, 0, 4.5, 0], "texture": "#1"},
				"east": {"uv": [0, 0, 2, 0], "texture": "#1"},
				"south": {"uv": [0, 0, 4.5, 0], "texture": "#1"},
				"west": {"uv": [0, 0, 2, 0], "texture": "#1"},
				"up": {"uv": [13.5, 5.5, 9, 4.5], "texture": "#1"},
				"down": {"uv": [9, 0, 4.5, 2], "texture": "#1"}
			}
		},
		{
			"from": [1, 1.1, 3],
			"to": [10, 1.1, 7],
			"rotation": {"angle": -22.5, "axis": "y", "origin": [5.5, 1.1, 6.75]},
			"faces": {
				"north": {"uv": [0, 0, 4.5, 0], "texture": "#1"},
				"east": {"uv": [0, 0, 2, 0], "texture": "#1"},
				"south": {"uv": [0, 0, 4.5, 0], "texture": "#1"},
				"west": {"uv": [0, 0, 2, 0], "texture": "#1"},
				"up": {"uv": [4.5, 2, 0, 0], "texture": "#1"},
				"down": {"uv": [4.5, 4, 0, 2], "texture": "#1"}
			}
		},
		{
			"from": [1, 1.1, 7],
			"to": [10, 1.1, 11],
			"rotation": {"angle": -22.5, "axis": "y", "origin": [5.5, 1.1, 6.75]},
			"faces": {
				"north": {"uv": [0, 0, 4.5, 0], "texture": "#1"},
				"east": {"uv": [0, 0, 2, 0], "texture": "#1"},
				"south": {"uv": [0, 0, 4.5, 0], "texture": "#1"},
				"west": {"uv": [0, 0, 2, 0], "texture": "#1"},
				"up": {"uv": [4.5, 6, 0, 4], "texture": "#1"},
				"down": {"uv": [9, 0, 4.5, 2], "texture": "#1"}
			}
		},
		{
			"from": [1, 1.1, 11],
			"to": [10, 1.1, 12],
			"rotation": {"angle": -22.5, "axis": "y", "origin": [5.5, 1.1, 6.75]},
			"faces": {
				"north": {"uv": [0, 0, 4.5, 0], "texture": "#1"},
				"east": {"uv": [0, 0, 2, 0], "texture": "#1"},
				"south": {"uv": [0, 0, 4.5, 0], "texture": "#1"},
				"west": {"uv": [0, 0, 2, 0], "texture": "#1"},
				"up": {"uv": [13.5, 5, 9, 5.5], "texture": "#1"},
				"down": {"uv": [9, 0, 4.5, 2], "texture": "#1"}
			}
		},
		{
			"from": [1, 1.1, 1],
			"to": [10, 1.1, 3],
			"rotation": {"angle": -22.5, "axis": "y", "origin": [5.5, 1.1, 6.75]},
			"faces": {
				"north": {"uv": [0, 0, 4.5, 0], "texture": "#1"},
				"east": {"uv": [0, 0, 2, 0], "texture": "#1"},
				"south": {"uv": [0, 0, 4.5, 0], "texture": "#1"},
				"west": {"uv": [0, 0, 2, 0], "texture": "#1"},
				"up": {"uv": [13.5, 5.5, 9, 4.5], "texture": "#1"},
				"down": {"uv": [9, 0, 4.5, 2], "texture": "#1"}
			}
		},
		{
			"from": [3, 0, 1],
			"to": [12, 6, 12],
			"rotation": {"angle": 0, "axis": "y", "origin": [3, 0, 1]},
			"faces": {
				"north": {"uv": [9, 0, 13.5, 3], "texture": "#1"},
				"east": {"uv": [0, 9, 5.5, 12], "texture": "#1"},
				"south": {"uv": [9, 0, 13.5, 3], "texture": "#1"},
				"west": {"uv": [0, 9, 5.5, 12], "texture": "#1"},
				"up": {"uv": [9, 6, 13.5, 11.5], "texture": "#1"},
				"down": {"uv": [9, 6, 13.5, 11.5], "texture": "#1"}
			}
		}
	],
	"gui_light": "front",
	"display": {
		"firstperson_righthand": {
			"rotation": [30.04, 12.34, -5.48],
			"translation": [3.25, 4.75, 0],
			"scale": [0.5, 0.5, 0.5]
		},
		"firstperson_lefthand": {
			"rotation": [30, 12, -5],
			"translation": [3.25, 4.75, 0],
			"scale": [0.5, 0.5, 0.5]
		},
		"ground": {
			"translation": [0.75, 3.75, 0.75],
			"scale": [0.75, 0.75, 0.75]
		},
		"gui": {
			"rotation": [41.56, -45.71, -0.97],
			"translation": [-1.25, 2.25, 0],
			"scale": [0.9, 0.9, 0.9]
		},
		"fixed": {
			"rotation": [-90, 0, 0],
			"translation": [1, 3, -16],
			"scale": [2, 2, 2]
		}
	},
	"groups": [
		{
			"name": "group",
			"origin": [10, 0.5, 3.6],
			"color": 0,
			"children": [
				{
					"name": "group",
					"origin": [10, 0.5, 3.6],
					"color": 0,
					"children": [0, 1, 2, 3]
				},
				{
					"name": "group",
					"origin": [10, 0.5, 3.6],
					"color": 0,
					"children": [4, 5, 6, 7]
				},
				{
					"name": "group",
					"origin": [10, 0.5, 3.6],
					"color": 0,
					"children": [8, 9, 10, 11]
				},
				12
			]
		}
	]
}