{
	"credit": "Made with Blockbench",
	"texture_size": [32, 32],
	"textures": {
		"2": "item/potions",
		"particle": "item/potions"
	},
	"elements": [
		{
			"from": [2, 0, 1],
			"to": [9, 7, 8],
			"rotation": {"angle": 0, "axis": "y", "origin": [5.5, 5.75, 4.5]},
			"faces": {
				"north": {"uv": [3.5, 0, 0, 3.5], "texture": "#2"},
				"east": {"uv": [0, 0, 3.5, 3.5], "texture": "#2"},
				"south": {"uv": [3.5, 0, 0, 3.5], "texture": "#2"},
				"west": {"uv": [0, 0, 3.5, 3.5], "texture": "#2"},
				"up": {"uv": [3.5, 7, 0, 3.5], "texture": "#2"},
				"down": {"uv": [7, 0, 3.5, 3.5], "texture": "#2"}
			}
		},
		{
			"from": [4, 7, 3],
			"to": [7, 10, 6],
			"rotation": {"angle": 0, "axis": "y", "origin": [5.5, 5.75, 4.5]},
			"faces": {
				"north": {"uv": [10, 7.5, 11.5, 9], "texture": "#2"},
				"east": {"uv": [10, 9, 11.5, 10.5], "texture": "#2"},
				"south": {"uv": [0, 10.5, 1.5, 12], "texture": "#2"},
				"west": {"uv": [10.5, 0, 12, 1.5], "texture": "#2"},
				"up": {"uv": [3, 12, 1.5, 10.5], "texture": "#2"},
				"down": {"uv": [11.5, 10.5, 10, 12], "texture": "#2"}
			}
		},
		{
			"from": [3.9, 8, 2.9],
			"to": [7.1, 9, 6.1],
			"rotation": {"angle": 0, "axis": "y", "origin": [5.5, 5.75, 4.5]},
			"faces": {
				"north": {"uv": [10.5, 1.5, 12, 2], "texture": "#2"},
				"east": {"uv": [10.5, 2, 12, 2.5], "texture": "#2"},
				"south": {"uv": [12, 0, 13.5, 0.5], "texture": "#2"},
				"west": {"uv": [0.5, 12, 2, 12.5], "texture": "#2"},
				"up": {"uv": [4.5, 12.5, 3, 11], "texture": "#2"},
				"down": {"uv": [6, 11, 4.5, 12.5], "texture": "#2"}
			}
		},
		{
			"from": [3, 1, 2],
			"to": [8, 5, 7],
			"rotation": {"angle": 0, "axis": "y", "origin": [5.5, 5.75, 4.5]},
			"faces": {
				"north": {"uv": [9.5, 2.5, 12, 4.5], "texture": "#2"},
				"east": {"uv": [9.5, 2.5, 12, 4.5], "texture": "#2"},
				"south": {"uv": [9.5, 2.5, 12, 4.5], "texture": "#2"},
				"west": {"uv": [9.5, 2.5, 12, 4.5], "texture": "#2"},
				"up": {"uv": [9.5, 5, 7, 2.5], "texture": "#2"},
				"down": {"uv": [6, 7, 3.5, 9.5], "texture": "#2"}
			}
		},
		{
			"from": [6, 0, 8],
			"to": [13, 5, 15],
			"rotation": {"angle": 0, "axis": "y", "origin": [5, 0, 8]},
			"faces": {
				"north": {"uv": [10.5, 0, 7, 2.5], "texture": "#2"},
				"east": {"uv": [7, 0, 10.5, 2.5], "texture": "#2"},
				"south": {"uv": [10.5, 0, 7, 2.5], "texture": "#2"},
				"west": {"uv": [7, 0, 10.5, 2.5], "texture": "#2"},
				"up": {"uv": [7, 7, 3.5, 3.5], "texture": "#2"},
				"down": {"uv": [3.5, 7, 0, 10.5], "texture": "#2"}
			}
		},
		{
			"from": [8, 5, 10],
			"to": [11, 12, 13],
			"rotation": {"angle": 0, "axis": "y", "origin": [5, 5, 8]},
			"faces": {
				"north": {"uv": [8.5, 7.5, 10, 11], "texture": "#2"},
				"east": {"uv": [8.5, 7.5, 10, 11], "texture": "#2"},
				"south": {"uv": [8.5, 7.5, 10, 11], "texture": "#2"},
				"west": {"uv": [10, 7.5, 8.5, 11], "texture": "#2"},
				"up": {"uv": [10, 12.5, 8.5, 11], "texture": "#2"},
				"down": {"uv": [7.5, 11.5, 6, 13], "texture": "#2"}
			}
		},
		{
			"from": [7.9, 10, 9.9],
			"to": [11.1, 11, 13.1],
			"rotation": {"angle": 0, "axis": "y", "origin": [5.5, 9, 8.5]},
			"faces": {
				"north": {"uv": [12, 0.5, 13.5, 1], "texture": "#2"},
				"east": {"uv": [12, 1, 13.5, 1.5], "texture": "#2"},
				"south": {"uv": [12, 1.5, 13.5, 2], "texture": "#2"},
				"west": {"uv": [12, 2, 13.5, 2.5], "texture": "#2"},
				"up": {"uv": [13, 9, 11.5, 7.5], "texture": "#2"},
				"down": {"uv": [13, 9, 11.5, 10.5], "texture": "#2"}
			}
		},
		{
			"from": [7, 1, 9],
			"to": [12, 4, 14],
			"rotation": {"angle": 0, "axis": "y", "origin": [7, 1, 9]},
			"faces": {
				"north": {"uv": [9.5, 6, 12, 7.5], "texture": "#2"},
				"east": {"uv": [9.5, 6, 12, 7.5], "texture": "#2"},
				"south": {"uv": [9.5, 6, 12, 7.5], "texture": "#2"},
				"west": {"uv": [9.5, 6, 12, 7.5], "texture": "#2"},
				"up": {"uv": [9.5, 7.5, 7, 5], "texture": "#2"},
				"down": {"uv": [8.5, 7.5, 6, 10], "texture": "#2"}
			}
		},
		{
			"from": [8.5, 4, 10.5],
			"to": [10.5, 9, 12.5],
			"rotation": {"angle": 0, "axis": "y", "origin": [7.5, 1, 8.5]},
			"faces": {
				"north": {"uv": [7.5, 11.5, 8, 14], "texture": "#2"},
				"east": {"uv": [8, 11.5, 8.5, 14], "texture": "#2"},
				"south": {"uv": [11.5, 10.5, 12, 13], "texture": "#2"},
				"west": {"uv": [0, 12, 0.5, 14.5], "texture": "#2"},
				"up": {"uv": [6.5, 7.5, 6, 7], "texture": "#2"},
				"down": {"uv": [7, 7, 6.5, 7.5], "texture": "#2"}
			}
		}
	],
	"gui_light": "front",
	"display": {
		"firstperson_righthand": {
			"translation": [0, 6, 0],
			"scale": [0.5, 0.5, 0.5]
		},
		"firstperson_lefthand": {
			"rotation": [-180, 156, 180],
			"translation": [0, 6, 0],
			"scale": [0.5, 0.5, 0.5]
		},
		"ground": {
			"translation": [0, 3.75, 0],
			"scale": [0.75, 0.75, 0.75]
		},
		"gui": {
			"rotation": [28.5, 27.16, 0.27],
			"translation": [0.5, 2.5, 0],
			"scale": [0.95, 0.95, 0.95]
		},
		"fixed": {
			"rotation": [-90, 0, 0],
			"translation": [0, 0, -19.75],
			"scale": [2.5, 2.5, 2.5]
		}
	},
	"groups": [
		{
			"name": "group",
			"origin": [8, 8, 8],
			"color": 0,
			"children": [
				{
					"name": "group",
					"origin": [8, 8, 8],
					"color": 0,
					"children": [0, 1, 2, 3]
				},
				{
					"name": "group",
					"origin": [8, 8, 8],
					"color": 0,
					"children": [4, 5, 6, 7, 8]
				}
			]
		}
	]
}