{
	"format_version": "1.21.6",
	"credit": "Made with Blockbench",
	"texture_size": [64, 64],
	"textures": {
		"1": "item/sand_castle",
		"particle": "sand_castle"
	},
	"elements": [
		{
			"from": [2, 0, 2],
			"to": [14, 8, 14],
			"rotation": {"angle": 0, "axis": "y", "origin": [7, 0, 2]},
			"faces": {
				"north": {"uv": [3, 4, 6, 6], "texture": "#1"},
				"east": {"uv": [3, 4, 6, 6], "texture": "#1"},
				"south": {"uv": [3, 4, 6, 6], "texture": "#1"},
				"west": {"uv": [3, 4, 6, 6], "texture": "#1"},
				"up": {"uv": [3, 3, 0, 0], "texture": "#1"},
				"down": {"uv": [3, 3, 0, 6], "texture": "#1"}
			}
		},
		{
			"from": [4, 6, 4],
			"to": [12, 13, 12],
			"rotation": {"angle": 0, "axis": "y", "origin": [7, 9, 2]},
			"faces": {
				"north": {"uv": [5, 6, 7, 7.75], "texture": "#1"},
				"east": {"uv": [5, 6, 7, 7.75], "texture": "#1"},
				"south": {"uv": [5, 6, 7, 7.75], "texture": "#1"},
				"west": {"uv": [5, 6, 7, 7.75], "texture": "#1"},
				"up": {"uv": [8, 2, 6, 0], "texture": "#1"},
				"down": {"uv": [8, 2, 6, 4], "texture": "#1"}
			}
		},
		{
			"from": [13, 0, 13],
			"to": [18, 11, 18],
			"rotation": {"angle": 0, "axis": "y", "origin": [11, 0, 6]},
			"faces": {
				"north": {"uv": [4.25, 7.75, 5.5, 10.5], "texture": "#1"},
				"east": {"uv": [5.5, 7.75, 4.25, 10.5], "texture": "#1"},
				"south": {"uv": [4.25, 7.75, 5.5, 10.5], "texture": "#1"},
				"west": {"uv": [5.5, 7.75, 4.25, 10.5], "texture": "#1"},
				"up": {"uv": [6.75, 11.75, 5.5, 10.5], "texture": "#1"},
				"down": {"uv": [12, 10.25, 10.75, 11.5], "texture": "#1"}
			}
		},
		{
			"from": [12.5, 10, 12.5],
			"to": [18.5, 12, 18.5],
			"rotation": {"angle": 0, "axis": "y", "origin": [10.5, 10, 6.5]},
			"faces": {
				"north": {"uv": [12.25, 6.5, 13.75, 7], "texture": "#1"},
				"east": {"uv": [12.25, 6.5, 13.75, 7], "texture": "#1"},
				"south": {"uv": [12.25, 6.5, 13.75, 7], "texture": "#1"},
				"west": {"uv": [12.25, 7.5, 13.75, 8], "texture": "#1"},
				"up": {"uv": [12.25, 8.75, 10.75, 7.25], "texture": "#1"},
				"down": {"uv": [12.25, 8.75, 10.75, 10.25], "texture": "#1"}
			}
		},
		{
			"from": [13, 0, -2],
			"to": [18, 11, 3],
			"rotation": {"angle": 0, "axis": "y", "origin": [11, 0, -9]},
			"faces": {
				"north": {"uv": [4.25, 7.75, 5.5, 10.5], "texture": "#1"},
				"east": {"uv": [5.5, 7.75, 4.25, 10.5], "texture": "#1"},
				"south": {"uv": [4.25, 7.75, 5.5, 10.5], "texture": "#1"},
				"west": {"uv": [5.5, 7.75, 4.25, 10.5], "texture": "#1"},
				"up": {"uv": [6.75, 11.75, 5.5, 10.5], "texture": "#1"},
				"down": {"uv": [12, 10.25, 10.75, 11.5], "texture": "#1"}
			}
		},
		{
			"from": [12.5, 10, -2.5],
			"to": [18.5, 12, 3.5],
			"rotation": {"angle": 0, "axis": "y", "origin": [10.5, 10, -8.5]},
			"faces": {
				"north": {"uv": [12.25, 6.5, 13.75, 7], "texture": "#1"},
				"east": {"uv": [12.25, 6.5, 13.75, 7], "texture": "#1"},
				"south": {"uv": [12.25, 6.5, 13.75, 7], "texture": "#1"},
				"west": {"uv": [12.25, 7.5, 13.75, 8], "texture": "#1"},
				"up": {"uv": [12.25, 8.75, 10.75, 7.25], "texture": "#1"},
				"down": {"uv": [12.25, 8.75, 10.75, 10.25], "texture": "#1"}
			}
		},
		{
			"from": [-2, 0, -2],
			"to": [3, 11, 3],
			"rotation": {"angle": 0, "axis": "y", "origin": [-4, 0, -9]},
			"faces": {
				"north": {"uv": [4.25, 7.75, 5.5, 10.5], "texture": "#1"},
				"east": {"uv": [5.5, 7.75, 4.25, 10.5], "texture": "#1"},
				"south": {"uv": [4.25, 7.75, 5.5, 10.5], "texture": "#1"},
				"west": {"uv": [5.5, 7.75, 4.25, 10.5], "texture": "#1"},
				"up": {"uv": [6.75, 11.75, 5.5, 10.5], "texture": "#1"},
				"down": {"uv": [12, 10.25, 10.75, 11.5], "texture": "#1"}
			}
		},
		{
			"from": [-2.5, 10, -2.5],
			"to": [3.5, 12, 3.5],
			"rotation": {"angle": 0, "axis": "y", "origin": [-4.5, 10, -8.5]},
			"faces": {
				"north": {"uv": [12.25, 6.5, 13.75, 7], "texture": "#1"},
				"east": {"uv": [12.25, 6.5, 13.75, 7], "texture": "#1"},
				"south": {"uv": [12.25, 6.5, 13.75, 7], "texture": "#1"},
				"west": {"uv": [12.25, 7.5, 13.75, 8], "texture": "#1"},
				"up": {"uv": [12.25, 8.75, 10.75, 7.25], "texture": "#1"},
				"down": {"uv": [12.25, 8.75, 10.75, 10.25], "texture": "#1"}
			}
		},
		{
			"from": [-2, 0, 13],
			"to": [3, 11, 18],
			"rotation": {"angle": 0, "axis": "y", "origin": [-4, 0, 6]},
			"faces": {
				"north": {"uv": [4.25, 7.75, 5.5, 10.5], "texture": "#1"},
				"east": {"uv": [5.5, 7.75, 4.25, 10.5], "texture": "#1"},
				"south": {"uv": [4.25, 7.75, 5.5, 10.5], "texture": "#1"},
				"west": {"uv": [5.5, 7.75, 4.25, 10.5], "texture": "#1"},
				"up": {"uv": [6.75, 11.75, 5.5, 10.5], "texture": "#1"},
				"down": {"uv": [12, 10.25, 10.75, 11.5], "texture": "#1"}
			}
		},
		{
			"from": [-2.5, 10, 12.5],
			"to": [3.5, 12, 18.5],
			"rotation": {"angle": 0, "axis": "y", "origin": [-4.5, 10, 6.5]},
			"faces": {
				"north": {"uv": [12.25, 6.5, 13.75, 7], "texture": "#1"},
				"east": {"uv": [12.25, 6.5, 13.75, 7], "texture": "#1"},
				"south": {"uv": [12.25, 6.5, 13.75, 7], "texture": "#1"},
				"west": {"uv": [12.25, 7.5, 13.75, 8], "texture": "#1"},
				"up": {"uv": [12.25, 8.75, 10.75, 7.25], "texture": "#1"},
				"down": {"uv": [12.25, 8.75, 10.75, 10.25], "texture": "#1"}
			}
		}
	],
	"gui_light": "front",
	"display": {
		"thirdperson_righthand": {
			"rotation": [88.25, 0, 0],
			"scale": [0.3, 0.3, 0.3]
		},
		"ground": {
			"translation": [0, 2.75, 0],
			"scale": [0.4, 0.4, 0.4]
		},
		"gui": {
			"rotation": [30.75, -39.25, 0],
			"scale": [0.5, 0.5, 0.5]
		},
		"head": {
			"translation": [0, -36.75, 0],
			"scale": [0.8, 0.8, 0.8]
		},
		"fixed": {
			"rotation": [-90, 0, 0],
			"translation": [0, 0, -11.75],
			"scale": [1.5, 1.5, 1.5]
		}
	},
	"groups": [
		{
			"name": "group",
			"origin": [8, 8, 8],
			"color": 0,
			"children": [
				0,
				1,
				{
					"name": "group",
					"origin": [11, 0, 6],
					"color": 0,
					"children": [2, 3]
				},
				{
					"name": "group",
					"origin": [11, 0, 6],
					"color": 0,
					"children": [4, 5]
				},
				{
					"name": "group",
					"origin": [11, 0, 6],
					"color": 0,
					"children": [6, 7]
				},
				{
					"name": "group",
					"origin": [11, 0, 6],
					"color": 0,
					"children": [8, 9]
				},
				{
					"name": "group",
					"origin": [0.14645, 14, 0.85355],
					"color": 0,
					"children": []
				}
			]
		}
	]
}