{
	"credit": "Made with Blockbench",
	"texture_size": [64, 64],
	"textures": {
		"0": "item/scarecrow",
		"particle": "item/scarecrow"
	},
	"elements": [
		{
			"from": [3, 22, 3],
			"to": [13, 32, 13],
			"rotation": {"angle": -22.5, "axis": "x", "origin": [3, 22, 3]},
			"faces": {
				"north": {"uv": [0, 3.25, 2.5, 5.75], "texture": "#0"},
				"east": {"uv": [2.5, 3.25, 5, 5.75], "texture": "#0"},
				"south": {"uv": [2.5, 3.25, 5, 5.75], "texture": "#0"},
				"west": {"uv": [2.5, 3.25, 5, 5.75], "texture": "#0"},
				"up": {"uv": [6.5, 2.5, 4, 0], "texture": "#0"},
				"down": {"uv": [6.5, 0, 4, 2.5], "texture": "#0"}
			}
		},
		{
			"from": [4, 11, 4],
			"to": [12, 24, 11],
			"rotation": {"angle": 22.5, "axis": "x", "origin": [8, 18.5, 7.5]},
			"faces": {
				"north": {"uv": [0, 0, 2, 3.25], "texture": "#0"},
				"east": {"uv": [1.75, 5.75, 0, 9], "texture": "#0"},
				"south": {"uv": [0, 0, 2, 3.25], "texture": "#0"},
				"west": {"uv": [0, 5.75, 1.75, 9], "texture": "#0"},
				"up": {"uv": [3.75, 7.5, 1.75, 5.75], "texture": "#0"},
				"down": {"uv": [2, 1.75, 0, 0], "texture": "#0"}
			}
		},
		{
			"from": [7, 0, 4],
			"to": [9, 13, 6],
			"rotation": {"angle": 0, "axis": "y", "origin": [7, 7.5, 7.5]},
			"faces": {
				"north": {"uv": [4.5, 5.75, 5, 9], "texture": "#0"},
				"east": {"uv": [3.25, 7.5, 3.75, 10.75], "texture": "#0"},
				"south": {"uv": [3.75, 7.5, 3.25, 10.75], "texture": "#0"},
				"west": {"uv": [8, 5.75, 8.5, 9], "texture": "#0"},
				"up": {"uv": [6.25, 8.75, 5.75, 8.25], "texture": "#0"},
				"down": {"uv": [6.75, 8.25, 6.25, 8.75], "texture": "#0"}
			}
		},
		{
			"from": [-2.5, 19.5, 4],
			"to": [0.5, 22.5, 11],
			"rotation": {"angle": 45, "axis": "y", "origin": [-1, 23.5, 5.5]},
			"faces": {
				"north": {"uv": [4, 2.5, 4.75, 3.25], "texture": "#0"},
				"east": {"uv": [6.5, 1.75, 8.25, 2.5], "texture": "#0"},
				"south": {"uv": [7.5, 4, 8.25, 4.75], "texture": "#0"},
				"west": {"uv": [7.5, 2.5, 9.25, 3.25], "texture": "#0"},
				"up": {"uv": [4.5, 7.25, 3.75, 9], "texture": "#0"},
				"down": {"uv": [3.75, 7.25, 4.5, 9], "texture": "#0"}
			}
		},
		{
			"from": [15.5, 19.5, 4],
			"to": [18.5, 22.5, 11],
			"rotation": {"angle": -45, "axis": "y", "origin": [17, 23.5, 5.5]},
			"faces": {
				"north": {"uv": [4.75, 2.5, 4, 3.25], "texture": "#0"},
				"east": {"uv": [9.25, 2.5, 7.5, 3.25], "texture": "#0"},
				"south": {"uv": [8.25, 4, 7.5, 4.75], "texture": "#0"},
				"west": {"uv": [8.25, 1.75, 6.5, 2.5], "texture": "#0"},
				"up": {"uv": [3.75, 7.25, 4.5, 9], "texture": "#0"},
				"down": {"uv": [4.5, 7.25, 3.75, 9], "texture": "#0"}
			}
		}
	],
	"gui_light": "front",
	"display": {
		"thirdperson_righthand": {
			"rotation": [-172.2, -70.09, -162.52],
			"translation": [-1.25, 0, 0.75],
			"scale": [0.3, 0.3, 0.3]
		},
		"thirdperson_lefthand": {
			"rotation": [-172, -70, -162],
			"translation": [-1.25, 0, 0.75],
			"scale": [0.3, 0.3, 0.3]
		},
		"firstperson_righthand": {
			"rotation": [-180, 74, -180],
			"translation": [1.5, 0, 0],
			"scale": [0.4, 0.4, 0.4]
		},
		"firstperson_lefthand": {
			"rotation": [0, 115, 0],
			"scale": [0.4, 0.4, 0.4]
		},
		"ground": {
			"translation": [0, 2, 0],
			"scale": [0.4, 0.4, 0.4]
		},
		"gui": {
			"rotation": [-159.74, 27.58, 179.39],
			"translation": [0.75, -4, 0],
			"scale": [0.45, 0.45, 0.45]
		},
		"fixed": {
			"rotation": [-90, 0, 0],
			"translation": [0, 7.25, -15],
			"scale": [1.9, 1.9, 1.9]
		}
	},
	"groups": [
		{
			"name": "group",
			"origin": [17, 23.5, 5.5],
			"color": 0,
			"children": [0, 1, 2, 3, 4]
		}
	]
}