{
	"format_version": "1.21.6",
	"credit": "Made with Blockbench",
	"texture_size": [64, 64],
	"textures": {
		"0": "item/skull_floor",
		"particle": "item/skull_floor"
	},
	"elements": [
		{
			"from": [1.73887, 2.91254, 2],
			"to": [13.73887, 11.91254, 14],
			"rotation": {"angle": -35, "axis": "z", "origin": [11.48887, 4.16254, 8]},
			"faces": {
				"north": {"uv": [6, 4.5, 3, 6.75], "texture": "#0"},
				"east": {"uv": [3, 2.25, 6, 4.5], "texture": "#0"},
				"south": {"uv": [3, 4.5, 6, 6.75], "texture": "#0"},
				"west": {"uv": [0, 6, 3, 8.25], "texture": "#0"},
				"up": {"uv": [3, 3, 0, 0], "texture": "#0"},
				"down": {"uv": [3, 3, 0, 6], "texture": "#0"}
			}
		},
		{
			"from": [2.73887, -1.08746, 3],
			"to": [7.73887, 2.91254, 13],
			"rotation": {"angle": -35, "axis": "z", "origin": [11.48887, 4.16254, 8]},
			"faces": {
				"north": {"uv": [8, 9.25, 6.75, 10.25], "texture": "#0"},
				"east": {"uv": [7.25, 6, 9.75, 7], "texture": "#0"},
				"south": {"uv": [6.75, 9.25, 8, 10.25], "texture": "#0"},
				"west": {"uv": [7.25, 7, 9.75, 8], "texture": "#0"},
				"up": {"uv": [7.25, 8.5, 6, 6], "texture": "#0"},
				"down": {"uv": [4.25, 6.75, 3, 9.25], "texture": "#0"}
			}
		},
		{
			"from": [-5, 0, -0.5],
			"to": [15, 2, 2.5],
			"rotation": {"angle": 45, "axis": "y", "origin": [16, 1, 1]},
			"faces": {
				"north": {"uv": [6, 1.75, 11, 2.25], "texture": "#0"},
				"east": {"uv": [3, 10.5, 3.75, 11.25], "texture": "#0"},
				"south": {"uv": [6, 0.75, 11, 1.25], "texture": "#0"},
				"west": {"uv": [9, 10.5, 9.75, 11.25], "texture": "#0"},
				"up": {"uv": [11, 2.25, 6, 1.5], "texture": "#0"},
				"down": {"uv": [11, 1.5, 6, 2.25], "texture": "#0"}
			}
		},
		{
			"from": [-9, -1, -1.5],
			"to": [-5, 3, 3.5],
			"rotation": {"angle": 45, "axis": "y", "origin": [16, 1, 1]},
			"faces": {
				"north": {"uv": [5, 9.75, 6, 10.75], "texture": "#0"},
				"east": {"uv": [7.25, 8.25, 8.5, 9.25], "texture": "#0"},
				"south": {"uv": [9.75, 6, 10.75, 7], "texture": "#0"},
				"west": {"uv": [0, 8.25, 1.25, 9.5], "texture": "#0"},
				"up": {"uv": [10.75, 8.5, 9.75, 7.25], "texture": "#0"},
				"down": {"uv": [11, 8.5, 10, 9.75], "texture": "#0"}
			}
		},
		{
			"from": [21.73654, -1, 14.76346],
			"to": [25.73654, 3, 19.76346],
			"rotation": {"angle": 45, "axis": "y", "origin": [-0.26346, 1, 17.26346]},
			"faces": {
				"north": {"uv": [9.75, 6, 10.75, 7], "texture": "#0"},
				"east": {"uv": [0, 8.25, 1.25, 9.5], "texture": "#0"},
				"south": {"uv": [5, 9.75, 6, 10.75], "texture": "#0"},
				"west": {"uv": [7.25, 8.25, 8.5, 9.25], "texture": "#0"},
				"up": {"uv": [10.75, 8.5, 9.75, 7.25], "rotation": 180, "texture": "#0"},
				"down": {"uv": [11, 8.5, 10, 9.75], "rotation": 180, "texture": "#0"}
			}
		},
		{
			"from": [-1.77817, 0.5, 7.27817],
			"to": [18.22183, 2.5, 10.27817],
			"rotation": {"angle": -42.5, "axis": "y", "origin": [8.22183, 1, 8.77817]},
			"faces": {
				"north": {"uv": [6, 1.75, 11, 2.25], "texture": "#0"},
				"east": {"uv": [3, 10.5, 3.75, 11.25], "texture": "#0"},
				"south": {"uv": [6, 0.75, 11, 1.25], "texture": "#0"},
				"west": {"uv": [9, 10.5, 9.75, 11.25], "texture": "#0"},
				"up": {"uv": [11, 2.25, 6, 1.5], "texture": "#0"},
				"down": {"uv": [11, 1.5, 6, 2.25], "texture": "#0"}
			}
		},
		{
			"from": [-5.77817, -0.5, 6.27817],
			"to": [-1.77817, 3.5, 11.27817],
			"rotation": {"angle": -42.5, "axis": "y", "origin": [8.22183, 1, 8.77817]},
			"faces": {
				"north": {"uv": [5, 9.75, 6, 10.75], "texture": "#0"},
				"east": {"uv": [7.25, 8.25, 8.5, 9.25], "texture": "#0"},
				"south": {"uv": [9.75, 6, 10.75, 7], "texture": "#0"},
				"west": {"uv": [0, 8.25, 1.25, 9.5], "texture": "#0"},
				"up": {"uv": [10.75, 8.5, 9.75, 7.25], "texture": "#0"},
				"down": {"uv": [11, 8.5, 10, 9.75], "texture": "#0"}
			}
		},
		{
			"from": [18.22183, -0.5, 6.27817],
			"to": [22.22183, 3.5, 11.27817],
			"rotation": {"angle": -42.5, "axis": "y", "origin": [8.22183, 1, 8.77817]},
			"faces": {
				"north": {"uv": [9.75, 6, 10.75, 7], "texture": "#0"},
				"east": {"uv": [0, 8.25, 1.25, 9.5], "texture": "#0"},
				"south": {"uv": [5, 9.75, 6, 10.75], "texture": "#0"},
				"west": {"uv": [7.25, 8.25, 8.5, 9.25], "texture": "#0"},
				"up": {"uv": [10.75, 8.5, 9.75, 7.25], "rotation": 180, "texture": "#0"},
				"down": {"uv": [11, 8.5, 10, 9.75], "rotation": 180, "texture": "#0"}
			}
		}
	],
	"display": {
		"firstperson_righthand": {
			"translation": [0, 5.75, 0],
			"scale": [0.4, 0.4, 0.4]
		},
		"firstperson_lefthand": {
			"rotation": [-180, -7, 180],
			"translation": [0, 5.75, 0],
			"scale": [0.4, 0.4, 0.4]
		},
		"ground": {
			"translation": [0, 3.25, 0],
			"scale": [0.6, 0.6, 0.6]
		},
		"gui": {
			"rotation": [31, 36.5, 0],
			"translation": [0, 1.25, 0],
			"scale": [0.55, 0.55, 0.55]
		},
		"head": {
			"rotation": [0, -90, 0],
			"translation": [0, -34.25, 0]
		},
		"fixed": {
			"rotation": [-90, -88.75, 0],
			"translation": [1.25, 0, -11.25],
			"scale": [1.3, 1.3, 1.3]
		}
	},
	"groups": [
		{
			"name": "group",
			"origin": [0, 0, 0],
			"color": 0,
			"children": [0, 1]
		},
		{
			"name": "group",
			"origin": [8, 8, 8],
			"color": 0,
			"children": [2, 3, 4]
		},
		{
			"name": "group",
			"origin": [8, 8, 8],
			"color": 0,
			"children": [5, 6, 7]
		}
	]
}