{
	"credit": "Made with Blockbench",
	"texture_size": [32, 32],
	"textures": {
		"0": "item/trophy",
		"particle": "item/trophy"
	},
	"elements": [
		{
			"from": [5, 3, 5],
			"to": [11, 10, 11],
			"rotation": {"angle": 0, "axis": "y", "origin": [5, 3, 5]},
			"faces": {
				"north": {"uv": [4, 0, 7, 3.5], "texture": "#0"},
				"east": {"uv": [7, 0, 4, 3.5], "texture": "#0"},
				"south": {"uv": [4, 0, 7, 3.5], "texture": "#0"},
				"west": {"uv": [7, 0, 4, 3.5], "texture": "#0"},
				"up": {"uv": [7, 10, 4, 7], "texture": "#0"},
				"down": {"uv": [10, 7, 7, 10], "texture": "#0"}
			}
		},
		{
			"from": [0, 3, 8],
			"to": [5, 10, 8],
			"rotation": {"angle": 0, "axis": "y", "origin": [-1, 3, 8]},
			"faces": {
				"north": {"uv": [0, 8, 2.5, 11.5], "texture": "#0"},
				"east": {"uv": [0, 0, 0, 3.5], "texture": "#0"},
				"south": {"uv": [2.5, 8, 0, 11.5], "texture": "#0"},
				"west": {"uv": [0, 0, 0, 3.5], "texture": "#0"},
				"up": {"uv": [2.5, 0, 0, 0], "texture": "#0"},
				"down": {"uv": [2.5, 0, 0, 0], "texture": "#0"}
			}
		},
		{
			"from": [11, 3, 8],
			"to": [16, 10, 8],
			"rotation": {"angle": 0, "axis": "y", "origin": [17, 3, 8]},
			"faces": {
				"north": {"uv": [2.5, 8, 0, 11.5], "texture": "#0"},
				"east": {"uv": [0, 0, 0, 3.5], "texture": "#0"},
				"south": {"uv": [0, 8, 2.5, 11.5], "texture": "#0"},
				"west": {"uv": [0, 0, 0, 3.5], "texture": "#0"},
				"up": {"uv": [0, 0, 2.5, 0], "texture": "#0"},
				"down": {"uv": [0, 0, 2.5, 0], "texture": "#0"}
			}
		},
		{
			"from": [7, 1, 7],
			"to": [9, 8, 9],
			"rotation": {"angle": 0, "axis": "y", "origin": [5, 1, 5]},
			"faces": {
				"north": {"uv": [5, 10, 6, 13.5], "texture": "#0"},
				"east": {"uv": [6, 10, 7, 13.5], "texture": "#0"},
				"south": {"uv": [7, 10, 8, 13.5], "texture": "#0"},
				"west": {"uv": [10, 7, 11, 10.5], "texture": "#0"},
				"up": {"uv": [3.5, 9, 2.5, 8], "texture": "#0"},
				"down": {"uv": [3.5, 9, 2.5, 10], "texture": "#0"}
			}
		},
		{
			"from": [4, 0, 4],
			"to": [12, 1, 12],
			"rotation": {"angle": 0, "axis": "y", "origin": [5, -6, 5]},
			"faces": {
				"north": {"uv": [11, 7, 15, 7.5], "texture": "#0"},
				"east": {"uv": [11, 7.5, 15, 8], "texture": "#0"},
				"south": {"uv": [11, 7.5, 15, 8], "texture": "#0"},
				"west": {"uv": [8, 11, 12, 11.5], "texture": "#0"},
				"up": {"uv": [4, 4, 0, 0], "rotation": 270, "texture": "#0"},
				"down": {"uv": [4, 4, 0, 8], "texture": "#0"}
			}
		}
	],
	"gui_light": "front",
	"display": {
		"thirdperson_righthand": {
			"translation": [0, 2.5, 0],
			"scale": [-0.5, -0.5, -0.5]
		},
		"thirdperson_lefthand": {
			"rotation": [180, 0, 0],
			"translation": [0, 2.5, 0],
			"scale": [-0.5, -0.5, -0.5]
		},
		"firstperson_righthand": {
			"translation": [2, 5.25, 0],
			"scale": [0.75, 0.75, 0.75]
		},
		"firstperson_lefthand": {
			"translation": [2, 5.25, 0],
			"scale": [0.75, 0.75, 0.75]
		},
		"ground": {
			"translation": [0, 4.25, 0],
			"scale": [0.75, 0.75, 0.75]
		},
		"gui": {
			"rotation": [18.97, -28.95, 1.12],
			"translation": [0, 3, 0],
			"scale": [1.2, 1.2, 1.2]
		},
		"fixed": {
			"rotation": [-90, 0, 0],
			"translation": [0, 0, -16],
			"scale": [2, 2, 2]
		}
	},
	"groups": [
		{
			"name": "group",
			"origin": [8, 8, 8],
			"color": 0,
			"children": [0, 1, 2, 3, 4]
		}
	]
}