{
	"credit": "Made with Blockbench",
	"texture_size": [32, 32],
	"textures": {
		"0": "item/lamp/pink_lamp",
		"1": "item/lamp/light",
		"particle": "item/lamp/pink_lamp"
	},
	"elements": [
		{
			"from": [5.5, 0, 5.5],
			"to": [10.5, 1, 10.5],
			"rotation": {"angle": 0, "axis": "y", "origin": [6.5, 0, 6.5]},
			"faces": {
				"north": {"uv": [5, 7, 6.25, 7.25], "texture": "#0"},
				"east": {"uv": [7.25, 2.5, 8.5, 2.75], "texture": "#0"},
				"south": {"uv": [7.25, 2.75, 8.5, 3], "texture": "#0"},
				"west": {"uv": [7.25, 3, 8.5, 3.25], "texture": "#0"},
				"up": {"uv": [8, 1.25, 6.75, 0], "texture": "#0"},
				"down": {"uv": [8, 1.25, 6.75, 2.5], "texture": "#0"}
			}
		},
		{
			"from": [7, 1, 7],
			"to": [9, 9, 9],
			"rotation": {"angle": 0, "axis": "y", "origin": [7, 1, 7]},
			"faces": {
				"north": {"uv": [7.25, 4.5, 6.75, 6.5], "texture": "#0"},
				"east": {"uv": [6.75, 4.5, 7.25, 6.5], "texture": "#0"},
				"south": {"uv": [6.75, 6.5, 7.25, 8.5], "texture": "#0"},
				"west": {"uv": [6.75, 4.5, 7.25, 6.5], "texture": "#0"},
				"up": {"uv": [6.75, 7.5, 6.25, 7], "texture": "#0"},
				"down": {"uv": [7.75, 3.25, 7.25, 3.75], "texture": "#0"}
			}
		},
		{
			"from": [3.5, 7, 3.5],
			"to": [12.5, 15, 12.5],
			"rotation": {"angle": 0, "axis": "y", "origin": [7.5, 8, 7.5]},
			"faces": {
				"north": {"uv": [2.25, 4.5, 4.5, 6.5], "texture": "#0"},
				"east": {"uv": [2.25, 4.5, 4.5, 6.5], "texture": "#0"},
				"south": {"uv": [2.25, 4.5, 4.5, 6.5], "texture": "#0"},
				"west": {"uv": [2.25, 4.5, 4.5, 6.5], "texture": "#0"},
				"up": {"uv": [4.5, 2.25, 2.25, 0], "texture": "#0"},
				"down": {"uv": [4.5, 2.25, 2.25, 4.5], "texture": "#0"}
			}
		},
		{
			"from": [3.6, 2.3, 3.6],
			"to": [12.4, 8.1, 12.4],
			"rotation": {"angle": 0, "axis": "y", "origin": [7.5, 1.2, 7.5]},
			"faces": {
				"north": {"uv": [0, 0, 16, 16], "texture": "#1"},
				"east": {"uv": [0, 0.125, 16, 16], "texture": "#1"},
				"south": {"uv": [0, 0, 16, 16], "texture": "#1"},
				"west": {"uv": [0, 0, 16, 16], "texture": "#1"},
				"up": {"uv": [1.125, 1.125, 0, 0], "texture": "#1"},
				"down": {"uv": [1.125, 14.875, 0, 16], "texture": "#1"}
			}
		}
	],
	"gui_light": "front",
	"display": {
		"thirdperson_righthand": {
			"scale": [0.5, 0.5, 0.5]
		},
		"thirdperson_lefthand": {
			"scale": [0.5, 0.5, 0.5]
		},
		"firstperson_righthand": {
			"rotation": [0, 0, 5.75],
			"translation": [0.75, 4.75, 0],
			"scale": [0.5, 0.5, 0.5]
		},
		"firstperson_lefthand": {
			"rotation": [0, 0, 5.75],
			"translation": [0.75, 4.75, 0],
			"scale": [0.5, 0.5, 0.5]
		},
		"ground": {
			"translation": [0, 3.75, 0],
			"scale": [0.75, 0.75, 0.75]
		},
		"gui": {
			"rotation": [31.5, -43.5, 0],
			"translation": [0, -0.25, 0],
			"scale": [0.85, 0.85, 0.85]
		},
		"fixed": {
			"rotation": [-90, 0, 0],
			"translation": [0, 0, -20],
			"scale": [2.5, 2.5, 2.5]
		}
	},
	"groups": [
		0,
		1,
		2,
		3,
		{
			"name": "group",
			"origin": [8, 8, 8],
			"color": 0,
			"children": []
		}
	]
}