{
	"format_version": "1.21.6",
	"credit": "Made with Blockbench",
	"texture_size": [64, 64],
	"textures": {
		"0": "item/wall_clock",
		"particle": "item/wall_clock"
	},
	"elements": [
		{
			"from": [1, 0, 7],
			"to": [16, 15, 9],
			"rotation": {"angle": 0, "axis": "y", "origin": [0, 0, 7]},
			"faces": {
				"north": {"uv": [0, 0, 3.75, 3.75], "texture": "#0"},
				"east": {"uv": [4.5, 4, 4, 7.75], "texture": "#0"},
				"south": {"uv": [0, 4, 3.75, 7.75], "texture": "#0"},
				"west": {"uv": [4, 4, 4.5, 7.75], "texture": "#0"},
				"up": {"uv": [8.25, 0.5, 4.5, 0], "texture": "#0"},
				"down": {"uv": [8.25, 0, 4.5, 0.5], "texture": "#0"}
			}
		},
		{
			"from": [8.5, 7, 6.9],
			"to": [12.5, 8, 6.9],
			"rotation": {"angle": 0, "axis": "z", "origin": [8.5, 7.5, 6.9]},
			"faces": {
				"north": {"uv": [8.5, 0, 8.75, 1.25], "rotation": 270, "texture": "#0"},
				"east": {"uv": [0, 0, 0.25, 0.25], "rotation": 90, "texture": "#0"},
				"south": {"uv": [0, 0, 0.25, 0.25], "rotation": 90, "texture": "#0"},
				"west": {"uv": [0, 0, 0.25, 0.25], "rotation": 90, "texture": "#0"},
				"up": {"uv": [0, 0, 0.25, 0.25], "rotation": 90, "texture": "#0"},
				"down": {"uv": [0, 0, 0.25, 0.25], "rotation": 90, "texture": "#0"}
			}
		},
		{
			"from": [8, 7, 6.9],
			"to": [9, 8, 7.9],
			"rotation": {"angle": 0, "axis": "z", "origin": [8.5, 4, 6.9]},
			"faces": {
				"north": {"uv": [8.5, 0, 8.75, 1.25], "texture": "#0"},
				"east": {"uv": [8.5, 0.75, 8.75, 1], "texture": "#0"},
				"south": {"uv": [0, 0, 0.25, 0.25], "texture": "#0"},
				"west": {"uv": [8.5, 0.75, 8.75, 1], "texture": "#0"},
				"up": {"uv": [8.5, 0.75, 8.75, 1], "texture": "#0"},
				"down": {"uv": [8.5, 0.5, 8.75, 0.75], "texture": "#0"}
			}
		}
	],
	"gui_light": "front",
	"display": {
		"firstperson_righthand": {
			"rotation": [-180, 34, -180],
			"translation": [0.25, 4, 0],
			"scale": [0.5, 0.5, 0.5]
		},
		"firstperson_lefthand": {
			"rotation": [-180, 34, 180],
			"translation": [-0.25, 4, 0],
			"scale": [0.5, 0.5, 0.5]
		},
		"ground": {
			"translation": [0, 2.75, 0],
			"scale": [0.6, 0.6, 0.6]
		},
		"gui": {
			"rotation": [-153.5, -39.75, -180],
			"scale": [0.75, 0.75, 0.75]
		},
		"fixed": {
			"translation": [-1, 0.75, 0],
			"scale": [1.85, 1.85, 1.85]
		}
	},
	"groups": [
		0,
		1,
		2,
		{
			"name": "group",
			"origin": [8, 8, 8],
			"color": 0,
			"children": []
		}
	]
}