{
	"credit": "Made with Blockbench",
	"texture_size": [64, 64],
	"textures": {
		"1": "item/lamp/light",
		"2": "item/tall_lamp/black_tall_lamp",
		"particle": "item/tall_lamp/black_tall_lamp"
	},
	"elements": [
		{
			"from": [1.6, 5.3, 1.6],
			"to": [14.4, 23.1, 14.4],
			"rotation": {"angle": 0, "axis": "y", "origin": [7.5, 16.2, 7.5]},
			"faces": {
				"north": {"uv": [0, 0, 16, 16], "texture": "#1"},
				"east": {"uv": [0, 0.125, 16, 16], "texture": "#1"},
				"south": {"uv": [0, 0, 16, 16], "texture": "#1"},
				"west": {"uv": [0, 0, 16, 16], "texture": "#1"},
				"up": {"uv": [1.125, 1.125, 0, 0], "texture": "#1"},
				"down": {"uv": [1.125, 14.875, 0, 16], "texture": "#1"}
			}
		},
		{
			"from": [1.5, 21, 1.5],
			"to": [14.5, 32, 14.5],
			"rotation": {"angle": 0, "axis": "y", "origin": [7.5, 25, 7.5]},
			"faces": {
				"north": {"uv": [3.25, 2.75, 6.5, 5.5], "texture": "#2"},
				"east": {"uv": [3.25, 2.75, 6.5, 5.5], "texture": "#2"},
				"south": {"uv": [3.25, 2.75, 6.5, 5.5], "texture": "#2"},
				"west": {"uv": [3.25, 2.75, 6.5, 5.5], "texture": "#2"},
				"up": {"uv": [3.25, 3.25, 0, 0], "texture": "#2"},
				"down": {"uv": [12, 0, 8.75, 3.25], "texture": "#2"}
			}
		},
		{
			"from": [7, 1, 7],
			"to": [9, 23, 9],
			"rotation": {"angle": 0, "axis": "y", "origin": [7, 1, 7]},
			"faces": {
				"north": {"uv": [6.5, 0, 7, 5.5], "texture": "#2"},
				"east": {"uv": [7, 0, 6.5, 5.5], "texture": "#2"},
				"south": {"uv": [6.5, 0, 7, 5.5], "texture": "#2"},
				"west": {"uv": [7, 0, 6.5, 5.5], "texture": "#2"},
				"up": {"uv": [8, 4, 7.5, 3.5], "texture": "#2"},
				"down": {"uv": [8, 4, 7.5, 4.5], "texture": "#2"}
			}
		},
		{
			"from": [5.5, 0, 5.5],
			"to": [10.5, 1, 10.5],
			"rotation": {"angle": 0, "axis": "y", "origin": [6.5, 0, 6.5]},
			"faces": {
				"north": {"uv": [7.5, 2.5, 8.75, 2.75], "texture": "#2"},
				"east": {"uv": [7.5, 2.75, 8.75, 3], "texture": "#2"},
				"south": {"uv": [7.5, 3, 8.75, 3.25], "texture": "#2"},
				"west": {"uv": [7.5, 3.25, 8.75, 3.5], "texture": "#2"},
				"up": {"uv": [8.75, 1.25, 7.5, 0], "texture": "#2"},
				"down": {"uv": [8.75, 1.25, 7.5, 2.5], "texture": "#2"}
			}
		}
	],
	"gui_light": "front",
	"display": {
		"thirdperson_righthand": {
			"translation": [0, -2, 0],
			"scale": [0.3, 0.3, 0.3]
		},
		"thirdperson_lefthand": {
			"translation": [0, -2.25, 0.75],
			"scale": [0.3, 0.3, 0.3]
		},
		"firstperson_righthand": {
			"rotation": [-1.5, 0, 11.25],
			"translation": [1.75, 1.5, 0],
			"scale": [0.3, 0.3, 0.3]
		},
		"firstperson_lefthand": {
			"rotation": [-1.5, 0, 11.5],
			"translation": [1.75, 1.5, 0],
			"scale": [0.3, 0.3, 0.3]
		},
		"ground": {
			"translation": [0, 2.25, 0],
			"scale": [0.5, 0.5, 0.5]
		},
		"gui": {
			"rotation": [15.32, 37.3, -0.75],
			"translation": [0, -4, 0],
			"scale": [0.45, 0.45, 0.45]
		},
		"fixed": {
			"rotation": [-90, 0, 0],
			"translation": [0, 0, -15.5],
			"scale": [2, 2, 2]
		}
	},
	"groups": [
		0,
		{
			"name": "group",
			"origin": [8, 8, 8],
			"color": 0,
			"children": [1, 2, 3]
		}
	]
}