{
  "type": "minecraft:crafting_shaped",
  "category": "equipment",
  "pattern": [
    "h  ",
    "s  ",
    "l  "
  ],
  "key": {
    "h": "minecraft:heavy_core",
    "s": "minecraft:stick",
    "l": "minecraft:lightning_rod"
  },
  "result": {
    "id": "minecraft:iron_pickaxe",
    "count": 1,
    "components": {
      "minecraft:item_name": "{\"translate\":\"jbt:hammer\",\"fallback\":\"Hammer\"}",
      "minecraft:item_model": "jbt:hammer",
      "minecraft:max_damage": 1800,
      "minecraft:custom_data": {"jbt_hammer":true,"smithed":{"ignore":{"functionality":true,"crafting":true}}},
      "minecraft:repairable": {"items":"minecraft:copper_ingot"}
    }
  }
}