{
  "type": "minecraft:crafting_shaped",
  "category": "equipment",
  "pattern": [
    "l  ",
    "s  ",
    "l  "
  ],
  "key": {
    "s": "minecraft:string",
    "l": "minecraft:ladder"
  },
  "result": {
    "id": "minecraft:ladder",
    "count": 2,
    "components": {
      "minecraft:item_name": "{\"translate\":\"jbt:ladder\",\"fallback\":\"Rope Ladder\"}",
      "minecraft:item_model": "jbt:rope_ladder",
      "minecraft:custom_data": {"jbt_ladder":true,"smithed":{"ignore":{"functionality":true,"crafting":true}}}
    }
  }
}