{
  "type": "minecraft:crafting_shaped",
  "category": "equipment",
  "pattern": [
    "i i",
    " i ",
    " i "
  ],
  "key": {
    "i": "minecraft:iron_ingot"
  },
  "result": {
    "id": "minecraft:warped_fungus_on_a_stick",
    "count": 1,
    "components": {
      "minecraft:item_name": "{\"translate\":\"jbt:wrench\",\"fallback\":\"Block Wrench\"}",
      "minecraft:item_model": "jbt:wrench",
      "minecraft:max_damage": 5000,
      "minecraft:custom_data": {"jbt_wrench":true,"smithed":{"ignore":{"functionality":true,"crafting":true}}},
      "minecraft:repairable": {"items":"minecraft:iron_ingot"}
    }
  }
}